	KeywordRepititions	FieldRepititions	NumCoAuthored	NumOfSharedReferences	NumofSharedReferencedBy	AffRepititions	ConfRepititions
0	1.0	1.0	1.0	3.0	1.0	1.0	1.0
1	4.0	4.0	4.0	134.0	27.0	30.0	324.0
2	1.0	1.0	4.0	604.0	1048.0	178.0	400.0
3	0.0	0.0	1.0	0.0	0.0	1.0	2.0
4	0.0	0.0	1.0	0.0	0.0	1.0	1.0
5	1.0	1.0	1.0	25.0	31.0	1.0	7.0
6	1.0	1.0	1.0	20.0	34.0	1.0	1.0
7	1.0	1.0	1.0	29.0	25.0	0.0	36.0
8	1.0	1.0	1.0	5.0	2.0	14.0	29.0
9	0.0	0.0	1.0	26.0	5.0	0.0	1.0
10	0.0	0.0	1.0	0.0	0.0	0.0	1.0
11	0.0	0.0	1.0	0.0	0.0	0.0	1.0
12	1.0	1.0	1.0	5.0	2.0	0.0	1.0
13	1.0	1.0	1.0	0.0	12.0	2.0	2.0
14	1.0	1.0	1.0	0.0	6.0	1.0	1.0
15	1.0	1.0	1.0	0.0	6.0	1.0	1.0
16	1.0	1.0	1.0	41.0	15.0	4.0	4.0
17	1.0	1.0	1.0	21.0	204.0	3.0	24.0
18	1.0	1.0	1.0	0.0	0.0	2.0	10.0
19	1.0	1.0	1.0	0.0	0.0	2.0	10.0
20	0.0	0.0	2.0	0.0	0.0	40.0	50.0
21	1.0	1.0	1.0	0.0	0.0	64.0	80.0
22	0.0	0.0	2.0	0.0	0.0	24.0	30.0
23	1.0	1.0	1.0	0.0	12.0	3.0	4.0
24	1.0	1.0	1.0	0.0	12.0	1.0	1.0
25	0.0	0.0	1.0	26.0	5.0	1.0	10.0
26	1.0	1.0	1.0	28.0	40.0	0.0	4.0
27	1.0	1.0	1.0	28.0	40.0	0.0	4.0
28	1.0	1.0	1.0	0.0	12.0	2.0	2.0
29	1.0	1.0	1.0	28.0	40.0	2.0	4.0
30	0.0	0.0	1.0	0.0	12.0	2.0	2.0
31	0.0	0.0	1.0	0.0	12.0	2.0	2.0
32	1.0	1.0	1.0	0.0	12.0	2.0	2.0
33	1.0	1.0	1.0	0.0	12.0	2.0	2.0
34	0.0	0.0	1.0	0.0	12.0	2.0	2.0
35	1.0	1.0	1.0	7.0	2.0	0.0	3.0
36	0.0	0.0	1.0	0.0	0.0	1.0	1.0
37	0.0	0.0	1.0	0.0	0.0	1.0	1.0
38	0.0	0.0	1.0	0.0	0.0	1.0	1.0
39	0.0	0.0	1.0	0.0	0.0	0.0	4.0
40	1.0	1.0	1.0	15.0	15.0	2.0	8.0
41	0.0	0.0	1.0	19.0	2.0	2.0	3.0
42	1.0	1.0	1.0	3.0	5.0	3.0	3.0
43	1.0	1.0	4.0	219.0	350.0	410.0	522.0
44	0.0	0.0	1.0	11.0	37.0	2.0	2.0
45	0.0	0.0	1.0	11.0	37.0	1.0	1.0
46	0.0	0.0	1.0	11.0	37.0	1.0	1.0
47	0.0	0.0	1.0	0.0	0.0	1.0	1.0
48	0.0	0.0	1.0	0.0	0.0	0.0	3.0
49	0.0	0.0	1.0	0.0	0.0	1.0	6.0
50	1.0	1.0	1.0	6.0	70.0	0.0	54.0
51	0.0	0.0	1.0	19.0	2.0	0.0	1.0
52	1.0	1.0	1.0	5.0	2.0	0.0	1.0
53	1.0	1.0	2.0	44.0	68.0	9.0	18.0
54	1.0	1.0	1.0	23.0	54.0	8.0	16.0
55	1.0	1.0	1.0	25.0	31.0	2.0	4.0
56	1.0	1.0	1.0	25.0	31.0	4.0	7.0
57	1.0	1.0	1.0	25.0	31.0	4.0	11.0
58	1.0	1.0	2.0	106.0	376.0	11.0	44.0
59	1.0	1.0	2.0	111.0	389.0	38.0	116.0
60	1.0	1.0	1.0	12.0	26.0	3.0	5.0
61	1.0	1.0	1.0	44.0	86.0	2.0	4.0
62	1.0	1.0	1.0	12.0	26.0	6.0	8.0
63	0.0	0.0	1.0	22.0	30.0	3.0	3.0
64	0.0	0.0	1.0	24.0	36.0	5.0	5.0
65	1.0	1.0	1.0	20.0	12.0	2.0	8.0
66	0.0	0.0	1.0	0.0	0.0	1.0	1.0
67	1.0	1.0	1.0	25.0	31.0	0.0	1.0
68	1.0	1.0	1.0	7.0	1.0	1.0	1.0
69	1.0	1.0	1.0	12.0	26.0	3.0	7.0
70	1.0	1.0	1.0	48.0	67.0	2.0	28.0
71	0.0	0.0	1.0	26.0	5.0	1.0	1.0
72	1.0	1.0	1.0	46.0	67.0	0.0	14.0
73	1.0	1.0	1.0	49.0	68.0	2.0	42.0
74	1.0	1.0	1.0	0.0	1.0	1.0	1.0
75	1.0	1.0	1.0	0.0	1.0	1.0	1.0
76	1.0	1.0	1.0	2.0	7.0	0.0	34.0
77	1.0	1.0	3.0	96.0	115.0	12.0	54.0
78	1.0	1.0	2.0	5.0	0.0	7.0	14.0
79	1.0	1.0	1.0	27.0	98.0	1.0	1.0
80	1.0	1.0	1.0	48.0	69.0	0.0	35.0
81	1.0	1.0	1.0	46.0	63.0	5.0	7.0
82	1.0	1.0	1.0	12.0	26.0	2.0	2.0
83	0.0	0.0	1.0	19.0	2.0	1.0	1.0
84	1.0	1.0	1.0	38.0	138.0	2.0	3.0
85	1.0	1.0	1.0	24.0	29.0	1.0	1.0
86	1.0	1.0	1.0	24.0	29.0	1.0	1.0
87	0.0	0.0	1.0	0.0	0.0	2.0	2.0
88	0.0	0.0	2.0	0.0	0.0	4.0	4.0
89	1.0	1.0	1.0	0.0	0.0	0.0	1.0
90	1.0	1.0	1.0	11.0	12.0	1.0	4.0
91	1.0	1.0	1.0	0.0	0.0	1.0	1.0
92	0.0	0.0	1.0	16.0	79.0	1.0	48.0
93	1.0	1.0	1.0	0.0	0.0	0.0	1.0
94	0.0	0.0	1.0	0.0	0.0	2.0	2.0
95	0.0	0.0	1.0	0.0	0.0	2.0	2.0
96	0.0	0.0	1.0	0.0	0.0	2.0	2.0
97	0.0	0.0	1.0	0.0	0.0	2.0	2.0
98	0.0	0.0	1.0	0.0	6.0	2.0	2.0
99	0.0	0.0	1.0	0.0	0.0	0.0	1.0
100	0.0	0.0	1.0	0.0	0.0	4.0	4.0
101	1.0	1.0	1.0	8.0	5.0	1.0	1.0
102	0.0	0.0	1.0	30.0	37.0	38.0	48.0
103	1.0	1.0	2.0	89.0	213.0	28.0	36.0
104	0.0	0.0	1.0	0.0	12.0	3.0	5.0
105	1.0	1.0	1.0	0.0	3.0	2.0	2.0
106	0.0	0.0	1.0	34.0	28.0	2.0	4.0
107	0.0	0.0	1.0	26.0	5.0	1.0	1.0
108	1.0	1.0	1.0	27.0	11.0	4.0	4.0
109	0.0	0.0	2.0	0.0	0.0	6.0	6.0
110	0.0	0.0	2.0	0.0	0.0	6.0	6.0
111	0.0	0.0	1.0	9.0	129.0	2.0	3.0
112	2.0	2.0	1.0	28.0	12.0	18.0	18.0
113	0.0	0.0	1.0	49.0	95.0	1.0	40.0
114	1.0	1.0	2.0	30.0	51.0	6.0	6.0
115	1.0	1.0	1.0	44.0	12.0	2.0	4.0
116	1.0	1.0	1.0	19.0	34.0	3.0	3.0
117	1.0	1.0	1.0	19.0	34.0	3.0	3.0
118	1.0	1.0	2.0	59.0	122.0	0.0	12.0
119	1.0	1.0	1.0	48.0	74.0	0.0	28.0
120	1.0	1.0	1.0	10.0	86.0	1.0	2.0
121	1.0	1.0	2.0	30.0	51.0	9.0	9.0
122	0.0	0.0	1.0	26.0	63.0	0.0	24.0
123	0.0	0.0	1.0	0.0	6.0	0.0	3.0
124	0.0	0.0	1.0	0.0	6.0	3.0	3.0
125	0.0	0.0	1.0	8.0	9.0	1.0	1.0
126	1.0	1.0	2.0	10.0	15.0	2.0	77.0
127	1.0	1.0	4.0	100.0	114.0	70.0	90.0
128	1.0	1.0	1.0	0.0	0.0	1.0	7.0
129	1.0	1.0	1.0	0.0	0.0	1.0	7.0
130	1.0	1.0	2.0	0.0	6.0	2.0	14.0
131	0.0	0.0	1.0	0.0	6.0	1.0	7.0
132	0.0	0.0	1.0	0.0	6.0	1.0	7.0
133	1.0	1.0	1.0	5.0	15.0	1.0	1.0
134	1.0	1.0	9.0	360.0	549.0	85.0	190.0
135	0.0	0.0	1.0	0.0	6.0	0.0	1.0
136	1.0	1.0	1.0	18.0	204.0	3.0	18.0
137	1.0	1.0	1.0	0.0	3.0	0.0	4.0
138	1.0	1.0	1.0	0.0	0.0	4.0	8.0
139	1.0	1.0	1.0	0.0	0.0	2.0	6.0
140	1.0	1.0	1.0	0.0	0.0	1.0	2.0
141	1.0	1.0	1.0	11.0	23.0	0.0	38.0
142	1.0	1.0	1.0	29.0	40.0	0.0	7.0
143	1.0	1.0	1.0	29.0	40.0	0.0	7.0
144	1.0	1.0	4.0	103.0	155.0	10.0	28.0
145	1.0	1.0	1.0	29.0	40.0	0.0	7.0
146	1.0	1.0	1.0	29.0	40.0	3.0	7.0
147	1.0	1.0	1.0	60.0	161.0	3.0	6.0
148	0.0	0.0	1.0	34.0	11.0	0.0	18.0
149	1.0	1.0	2.0	51.0	99.0	1.0	24.0
150	1.0	1.0	1.0	41.0	55.0	4.0	8.0
151	1.0	1.0	2.0	50.0	97.0	2.0	12.0
152	1.0	1.0	1.0	0.0	3.0	1.0	1.0
153	0.0	0.0	1.0	0.0	0.0	5.0	23.0
154	1.0	1.0	1.0	0.0	3.0	1.0	1.0
155	1.0	1.0	1.0	19.0	40.0	1.0	1.0
156	1.0	1.0	1.0	19.0	40.0	1.0	1.0
157	1.0	1.0	2.0	51.0	99.0	0.0	30.0
158	0.0	0.0	1.0	0.0	0.0	1.0	1.0
159	1.0	1.0	1.0	47.0	67.0	0.0	6.0
160	0.0	0.0	1.0	0.0	0.0	1.0	1.0
161	1.0	1.0	1.0	55.0	3.0	1.0	1.0
162	1.0	1.0	4.0	63.0	101.0	13.0	24.0
163	1.0	1.0	1.0	7.0	0.0	0.0	1.0
164	0.0	0.0	1.0	0.0	0.0	3.0	3.0
165	0.0	0.0	1.0	0.0	0.0	3.0	3.0
166	1.0	1.0	1.0	0.0	174.0	0.0	4.0
167	1.0	1.0	1.0	0.0	174.0	0.0	4.0
168	0.0	0.0	1.0	0.0	0.0	1.0	1.0
169	0.0	0.0	1.0	35.0	21.0	0.0	11.0
170	0.0	0.0	1.0	0.0	0.0	1.0	2.0
171	0.0	0.0	1.0	14.0	0.0	0.0	6.0
172	0.0	0.0	1.0	0.0	0.0	1.0	1.0
173	1.0	1.0	1.0	0.0	1.0	1.0	1.0
174	1.0	1.0	1.0	0.0	1.0	1.0	1.0
175	1.0	1.0	1.0	0.0	1.0	1.0	1.0
176	1.0	1.0	1.0	2.0	0.0	1.0	1.0
177	1.0	1.0	1.0	35.0	10.0	0.0	2.0
178	0.0	0.0	1.0	13.0	0.0	0.0	2.0
179	1.0	1.0	1.0	35.0	10.0	0.0	2.0
180	1.0	1.0	1.0	25.0	7.0	0.0	2.0
181	1.0	1.0	1.0	23.0	4.0	4.0	17.0
182	1.0	1.0	1.0	31.0	37.0	2.0	2.0
183	0.0	0.0	1.0	0.0	0.0	0.0	3.0
184	1.0	1.0	1.0	48.0	76.0	4.0	5.0
185	0.0	0.0	1.0	0.0	0.0	1.0	2.0
186	1.0	1.0	1.0	81.0	83.0	4.0	11.0
187	1.0	1.0	1.0	87.0	91.0	12.0	29.0
188	0.0	0.0	1.0	38.0	42.0	4.0	5.0
189	0.0	0.0	2.0	26.0	58.0	0.0	4.0
190	0.0	0.0	1.0	0.0	0.0	1.0	1.0
191	0.0	0.0	1.0	0.0	0.0	1.0	2.0
192	1.0	1.0	1.0	47.0	69.0	4.0	6.0
193	0.0	0.0	1.0	0.0	0.0	3.0	3.0
194	0.0	0.0	1.0	0.0	0.0	1.0	1.0
195	0.0	0.0	1.0	0.0	0.0	30.0	30.0
196	0.0	0.0	1.0	0.0	0.0	0.0	3.0
197	0.0	0.0	1.0	0.0	0.0	1.0	1.0
198	1.0	1.0	2.0	16.0	52.0	34.0	36.0
199	0.0	0.0	1.0	0.0	0.0	1.0	1.0
200	1.0	1.0	1.0	0.0	3.0	1.0	2.0
201	1.0	1.0	1.0	17.0	14.0	1.0	1.0
202	1.0	1.0	1.0	11.0	24.0	3.0	6.0
203	1.0	1.0	2.0	24.0	36.0	7.0	24.0
204	1.0	1.0	1.0	0.0	0.0	5.0	12.0
205	1.0	1.0	1.0	0.0	0.0	1.0	1.0
206	1.0	1.0	2.0	27.0	55.0	10.0	28.0
207	1.0	1.0	1.0	2.0	24.0	2.0	4.0
208	1.0	1.0	1.0	0.0	0.0	0.0	5.0
209	1.0	1.0	1.0	0.0	0.0	0.0	5.0
210	1.0	1.0	1.0	2.0	24.0	2.0	4.0
211	1.0	1.0	1.0	0.0	18.0	1.0	1.0
212	0.0	0.0	1.0	55.0	73.0	3.0	5.0
213	0.0	0.0	1.0	28.0	84.0	4.0	5.0
214	1.0	1.0	1.0	63.0	95.0	14.0	18.0
215	0.0	0.0	1.0	50.0	72.0	2.0	2.0
216	0.0	0.0	1.0	50.0	72.0	1.0	1.0
217	0.0	0.0	1.0	50.0	72.0	1.0	1.0
218	1.0	1.0	1.0	25.0	31.0	1.0	4.0
219	1.0	1.0	1.0	2.0	24.0	2.0	4.0
220	1.0	1.0	1.0	22.0	4.0	0.0	2.0
221	1.0	1.0	2.0	30.0	44.0	0.0	72.0
222	1.0	1.0	1.0	24.0	68.0	1.0	1.0
223	0.0	0.0	1.0	9.0	129.0	2.0	3.0
224	1.0	1.0	1.0	24.0	68.0	0.0	1.0
225	1.0	1.0	1.0	17.0	1.0	1.0	2.0
226	0.0	0.0	2.0	0.0	0.0	3.0	6.0
227	0.0	0.0	1.0	0.0	0.0	3.0	3.0
228	0.0	0.0	1.0	0.0	0.0	0.0	3.0
229	1.0	1.0	1.0	28.0	22.0	0.0	10.0
230	0.0	0.0	2.0	0.0	0.0	3.0	6.0
231	1.0	1.0	1.0	28.0	22.0	0.0	8.0
232	0.0	0.0	1.0	0.0	0.0	3.0	3.0
233	1.0	1.0	1.0	24.0	68.0	0.0	1.0
234	0.0	0.0	1.0	0.0	2.0	1.0	10.0
235	0.0	0.0	1.0	0.0	2.0	1.0	20.0
236	1.0	1.0	1.0	30.0	22.0	0.0	38.0
237	0.0	0.0	1.0	9.0	129.0	1.0	1.0
238	0.0	0.0	1.0	9.0	129.0	1.0	1.0
239	0.0	0.0	1.0	21.0	31.0	1.0	10.0
240	1.0	1.0	1.0	34.0	52.0	2.0	2.0
241	0.0	0.0	1.0	26.0	58.0	15.0	23.0
242	0.0	0.0	1.0	0.0	3.0	1.0	1.0
243	1.0	1.0	1.0	48.0	76.0	4.0	4.0
244	1.0	1.0	2.0	12.0	8.0	9.0	15.0
245	1.0	2.0	1.0	2.0	6.0	1.0	1.0
246	0.0	0.0	1.0	17.0	30.0	1.0	1.0
247	1.0	1.0	1.0	3.0	5.0	3.0	5.0
248	0.0	0.0	1.0	17.0	30.0	1.0	1.0
249	0.0	0.0	1.0	26.0	57.0	2.0	2.0
250	1.0	1.0	1.0	25.0	2.0	1.0	1.0
251	1.0	1.0	1.0	25.0	3.0	2.0	2.0
252	1.0	1.0	1.0	0.0	0.0	2.0	10.0
253	1.0	1.0	1.0	0.0	0.0	1.0	1.0
254	1.0	1.0	1.0	0.0	0.0	1.0	1.0
255	1.0	1.0	1.0	0.0	0.0	1.0	1.0
256	1.0	1.0	3.0	34.0	255.0	0.0	12.0
257	1.0	1.0	1.0	2.0	117.0	0.0	4.0
258	1.0	1.0	2.0	27.0	233.0	8.0	8.0
259	1.0	1.0	1.0	2.0	117.0	4.0	4.0
260	1.0	1.0	1.0	12.0	3.0	1.0	92.0
261	0.0	0.0	1.0	9.0	129.0	2.0	3.0
262	1.0	1.0	1.0	7.0	2.0	0.0	87.0
263	1.0	1.0	1.0	5.0	3.0	1.0	1.0
264	1.0	1.0	1.0	81.0	30.0	15.0	23.0
265	0.0	0.0	1.0	26.0	58.0	30.0	46.0
266	1.0	1.0	1.0	0.0	0.0	12.0	18.0
267	0.0	0.0	1.0	15.0	32.0	2.0	12.0
268	0.0	0.0	2.0	48.0	41.0	4.0	40.0
269	1.0	1.0	1.0	22.0	4.0	1.0	3.0
270	1.0	1.0	1.0	7.0	2.0	0.0	3.0
271	1.0	1.0	1.0	22.0	4.0	1.0	1.0
272	1.0	1.0	1.0	74.0	116.0	14.0	27.0
273	1.0	1.0	1.0	37.0	66.0	1.0	1.0
274	1.0	1.0	1.0	18.0	71.0	1.0	1.0
275	1.0	1.0	1.0	2.0	117.0	0.0	3.0
276	1.0	1.0	1.0	2.0	98.0	0.0	1.0
277	1.0	1.0	1.0	2.0	116.0	2.0	2.0
278	0.0	0.0	1.0	22.0	2.0	0.0	3.0
279	0.0	0.0	1.0	0.0	0.0	1.0	1.0
280	0.0	0.0	1.0	0.0	0.0	1.0	2.0
281	1.0	1.0	1.0	14.0	29.0	7.0	20.0
282	0.0	0.0	1.0	9.0	129.0	2.0	3.0
283	0.0	0.0	2.0	0.0	0.0	4.0	4.0
284	0.0	0.0	1.0	0.0	0.0	2.0	2.0
285	1.0	1.0	2.0	92.0	152.0	32.0	63.0
286	1.0	1.0	2.0	62.0	91.0	9.0	18.0
287	0.0	0.0	3.0	0.0	0.0	0.0	42.0
288	1.0	1.0	1.0	5.0	1.0	1.0	1.0
289	1.0	1.0	4.0	89.0	361.0	0.0	638.0
290	0.0	0.0	1.0	0.0	0.0	1.0	1.0
291	0.0	0.0	1.0	0.0	0.0	2.0	2.0
292	1.0	1.0	1.0	41.0	24.0	1.0	1.0
293	1.0	1.0	1.0	98.0	283.0	817.0	1102.0
294	1.0	1.0	1.0	70.0	101.0	86.0	162.0
295	1.0	1.0	2.0	4.0	5.0	6.0	16.0
296	1.0	1.0	2.0	4.0	5.0	4.0	12.0
297	1.0	1.0	1.0	0.0	0.0	3.0	4.0
298	1.0	1.0	1.0	0.0	0.0	4.0	8.0
299	1.0	1.0	1.0	0.0	0.0	3.0	4.0
300	1.0	1.0	2.0	103.0	1166.0	0.0	48.0
301	1.0	1.0	1.0	34.0	536.0	0.0	12.0
302	1.0	1.0	1.0	63.0	97.0	10.0	18.0
303	1.0	1.0	1.0	70.0	100.0	25.0	45.0
304	1.0	1.0	2.0	33.0	31.0	2.0	4.0
305	1.0	1.0	1.0	8.0	3.0	1.0	2.0
306	1.0	1.0	1.0	8.0	3.0	1.0	2.0
307	1.0	1.0	1.0	31.0	84.0	1.0	1.0
308	1.0	1.0	1.0	62.0	90.0	5.0	9.0
309	1.0	1.0	1.0	31.0	84.0	1.0	1.0
310	1.0	1.0	1.0	31.0	84.0	1.0	1.0
311	1.0	1.0	1.0	31.0	84.0	1.0	1.0
312	1.0	1.0	1.0	32.0	82.0	2.0	2.0
313	1.0	1.0	2.0	76.0	332.0	4.0	4.0
314	1.0	1.0	1.0	31.0	84.0	1.0	1.0
315	1.0	1.0	1.0	43.0	29.0	2.0	4.0
316	0.0	0.0	1.0	0.0	5.0	1.0	1.0
317	1.0	1.0	3.0	91.0	324.0	57.0	72.0
318	0.0	0.0	1.0	0.0	0.0	0.0	2.0
319	1.0	1.0	1.0	13.0	16.0	8.0	9.0
320	0.0	0.0	1.0	0.0	0.0	0.0	6.0
321	1.0	1.0	2.0	83.0	430.0	0.0	40.0
322	1.0	1.0	1.0	29.0	85.0	2.0	2.0
323	1.0	1.0	2.0	60.0	189.0	4.0	4.0
324	1.0	1.0	2.0	60.0	189.0	4.0	4.0
325	0.0	0.0	1.0	0.0	0.0	0.0	2.0
326	1.0	1.0	1.0	39.0	138.0	3.0	3.0
327	0.0	0.0	1.0	37.0	9.0	1.0	1.0
328	0.0	0.0	1.0	0.0	0.0	0.0	1.0
329	0.0	0.0	1.0	0.0	0.0	0.0	1.0
330	1.0	1.0	1.0	3.0	2.0	2.0	4.0
331	1.0	1.0	1.0	14.0	23.0	16.0	20.0
332	1.0	1.0	1.0	28.0	39.0	1.0	1.0
333	1.0	1.0	1.0	28.0	39.0	0.0	1.0
334	1.0	1.0	1.0	28.0	59.0	0.0	6.0
335	1.0	1.0	2.0	39.0	65.0	0.0	18.0
336	1.0	1.0	3.0	41.0	28.0	243.0	380.0
337	1.0	1.0	1.0	1.0	6.0	2.0	2.0
338	1.0	1.0	1.0	15.0	32.0	0.0	1.0
339	1.0	1.0	1.0	104.0	31.0	4.0	14.0
340	1.0	1.0	1.0	21.0	239.0	4.0	232.0
341	0.0	0.0	1.0	2.0	0.0	0.0	15.0
342	1.0	1.0	2.0	83.0	316.0	0.0	32.0
343	1.0	1.0	2.0	82.0	314.0	1.0	14.0
344	1.0	1.0	2.0	65.0	312.0	0.0	6.0
345	1.0	1.0	2.0	2.0	14.0	2.0	8.0
346	1.0	1.0	1.0	22.0	237.0	3.0	174.0
347	1.0	1.0	1.0	30.0	26.0	1.0	2.0
348	1.0	1.0	1.0	35.0	55.0	0.0	6.0
349	1.0	1.0	1.0	26.0	41.0	1.0	1.0
350	1.0	1.0	1.0	41.0	55.0	0.0	4.0
351	1.0	1.0	1.0	41.0	55.0	4.0	8.0
352	1.0	1.0	1.0	41.0	55.0	1.0	3.0
353	1.0	1.0	1.0	7.0	0.0	8.0	9.0
354	1.0	1.0	1.0	35.0	55.0	2.0	6.0
355	1.0	1.0	1.0	0.0	0.0	0.0	1.0
356	1.0	1.0	1.0	41.0	55.0	1.0	1.0
357	4.0	4.0	7.0	79.0	18.0	53.0	104.0
358	1.0	1.0	13.0	624.0	1687.0	772.0	1102.0
359	0.0	0.0	1.0	0.0	0.0	2.0	2.0
360	0.0	0.0	1.0	26.0	5.0	0.0	10.0
361	1.0	1.0	1.0	20.0	225.0	2.0	58.0
362	0.0	0.0	1.0	0.0	0.0	2.0	2.0
363	0.0	0.0	1.0	0.0	0.0	2.0	2.0
364	0.0	0.0	1.0	0.0	0.0	2.0	2.0
365	0.0	0.0	1.0	0.0	0.0	2.0	2.0
366	0.0	0.0	1.0	26.0	5.0	1.0	10.0
367	0.0	0.0	1.0	26.0	5.0	1.0	10.0
368	1.0	1.0	1.0	0.0	0.0	8.0	21.0
369	1.0	1.0	1.0	24.0	107.0	0.0	6.0
370	1.0	1.0	1.0	24.0	107.0	0.0	6.0
371	1.0	1.0	4.0	97.0	126.0	474.0	660.0
372	1.0	1.0	1.0	1.0	12.0	2.0	10.0
373	1.0	1.0	1.0	0.0	0.0	1.0	5.0
374	1.0	1.0	1.0	8.0	31.0	54.0	75.0
375	1.0	1.0	2.0	41.0	175.0	16.0	36.0
376	1.0	1.0	1.0	24.0	29.0	0.0	1.0
377	1.0	1.0	1.0	0.0	0.0	8.0	33.0
378	1.0	1.0	1.0	15.0	2.0	1.0	2.0
379	1.0	1.0	1.0	0.0	1.0	1.0	1.0
380	1.0	1.0	1.0	24.0	29.0	0.0	1.0
381	1.0	1.0	1.0	17.0	39.0	21.0	24.0
382	1.0	1.0	1.0	11.0	269.0	6.0	6.0
383	1.0	1.0	3.0	28.0	317.0	24.0	24.0
384	0.0	0.0	1.0	31.0	0.0	15.0	17.0
385	1.0	1.0	1.0	6.0	8.0	0.0	10.0
386	1.0	1.0	1.0	12.0	1.0	2.0	2.0
387	1.0	1.0	1.0	54.0	12.0	0.0	18.0
388	1.0	1.0	1.0	24.0	29.0	0.0	1.0
389	1.0	1.0	1.0	0.0	0.0	2.0	60.0
390	1.0	1.0	1.0	22.0	98.0	42.0	77.0
391	1.0	1.0	1.0	7.0	12.0	1.0	2.0
392	1.0	1.0	1.0	7.0	12.0	1.0	2.0
393	1.0	1.0	1.0	48.0	74.0	14.0	21.0
394	1.0	1.0	3.0	12.0	3.0	0.0	322.0
395	1.0	1.0	1.0	2.0	0.0	2.0	2.0
396	1.0	1.0	1.0	5.0	0.0	10.0	14.0
397	1.0	1.0	1.0	24.0	29.0	0.0	1.0
398	1.0	1.0	1.0	3.0	0.0	2.0	2.0
399	1.0	1.0	5.0	219.0	542.0	96.0	112.0
400	1.0	1.0	2.0	83.0	314.0	0.0	21.0
401	1.0	1.0	1.0	7.0	12.0	2.0	4.0
402	1.0	1.0	1.0	0.0	0.0	1.0	1.0
403	1.0	1.0	1.0	61.0	92.0	4.0	11.0
404	1.0	1.0	1.0	62.0	94.0	12.0	29.0
405	1.0	1.0	1.0	41.0	83.0	1.0	1.0
406	1.0	1.0	1.0	7.0	12.0	1.0	2.0
407	0.0	0.0	1.0	0.0	0.0	1.0	1.0
408	1.0	1.0	1.0	0.0	0.0	0.0	3.0
409	0.0	0.0	1.0	0.0	0.0	1.0	1.0
410	0.0	0.0	1.0	26.0	5.0	0.0	1.0
411	1.0	1.0	1.0	41.0	83.0	0.0	1.0
412	0.0	0.0	1.0	0.0	0.0	1.0	1.0
413	0.0	0.0	1.0	26.0	5.0	1.0	1.0
414	1.0	1.0	1.0	26.0	227.0	9.0	114.0
415	0.0	0.0	1.0	37.0	406.0	0.0	14.0
416	0.0	0.0	1.0	0.0	0.0	1.0	1.0
417	0.0	0.0	1.0	0.0	0.0	1.0	1.0
418	1.0	1.0	1.0	0.0	0.0	2.0	3.0
419	1.0	1.0	1.0	0.0	0.0	2.0	3.0
420	1.0	1.0	1.0	26.0	415.0	1.0	4.0
421	1.0	1.0	1.0	26.0	415.0	1.0	4.0
422	1.0	1.0	2.0	0.0	0.0	2.0	6.0
423	1.0	1.0	1.0	0.0	0.0	1.0	2.0
424	1.0	1.0	1.0	96.0	35.0	0.0	36.0
425	1.0	1.0	1.0	0.0	0.0	1.0	2.0
426	0.0	0.0	1.0	0.0	0.0	4.0	8.0
427	1.0	1.0	1.0	45.0	165.0	5.0	12.0
428	1.0	1.0	1.0	44.0	86.0	2.0	4.0
429	1.0	1.0	1.0	0.0	0.0	1.0	2.0
430	0.0	0.0	1.0	0.0	0.0	5.0	5.0
431	1.0	1.0	1.0	0.0	0.0	0.0	3.0
432	1.0	1.0	1.0	0.0	0.0	1.0	2.0
433	1.0	1.0	1.0	21.0	48.0	2.0	4.0
434	1.0	1.0	1.0	41.0	150.0	0.0	9.0
435	0.0	0.0	1.0	1.0	9.0	0.0	2.0
436	1.0	1.0	1.0	21.0	48.0	2.0	6.0
437	0.0	0.0	1.0	136.0	2.0	7.0	9.0
438	0.0	0.0	1.0	136.0	2.0	7.0	9.0
439	1.0	1.0	1.0	43.0	38.0	3.0	6.0
440	1.0	1.0	1.0	0.0	0.0	28.0	264.0
441	1.0	1.0	1.0	18.0	200.0	3.0	6.0
442	1.0	1.0	1.0	24.0	101.0	35.0	55.0
443	0.0	0.0	1.0	21.0	98.0	7.0	11.0
444	1.0	1.0	1.0	0.0	0.0	0.0	1.0
445	1.0	1.0	1.0	120.0	87.0	0.0	576.0
446	1.0	1.0	2.0	41.0	181.0	5.0	15.0
447	1.0	1.0	1.0	44.0	86.0	1.0	4.0
448	1.0	1.0	1.0	0.0	0.0	0.0	1.0
449	1.0	1.0	1.0	0.0	0.0	4.0	4.0
450	1.0	1.0	1.0	0.0	0.0	2.0	2.0
451	1.0	1.0	1.0	0.0	0.0	2.0	2.0
452	1.0	1.0	1.0	0.0	0.0	2.0	10.0
453	1.0	1.0	2.0	84.0	316.0	0.0	48.0
454	1.0	1.0	1.0	0.0	0.0	2.0	2.0
455	1.0	1.0	1.0	0.0	0.0	2.0	2.0
456	1.0	1.0	2.0	15.0	18.0	3.0	12.0
457	1.0	1.0	1.0	11.0	55.0	1.0	1.0
458	1.0	1.0	1.0	47.0	75.0	0.0	736.0
459	1.0	1.0	1.0	0.0	0.0	4.0	5.0
460	1.0	1.0	1.0	28.0	35.0	0.0	16.0
461	0.0	0.0	1.0	17.0	0.0	0.0	9.0
462	0.0	0.0	1.0	19.0	2.0	0.0	3.0
463	0.0	0.0	1.0	37.0	406.0	0.0	7.0
464	1.0	1.0	1.0	23.0	13.0	13.0	21.0
465	1.0	1.0	1.0	17.0	34.0	2.0	2.0
466	0.0	0.0	1.0	16.0	33.0	0.0	3.0
467	1.0	1.0	1.0	17.0	34.0	2.0	2.0
468	1.0	1.0	1.0	17.0	5.0	2.0	3.0
469	0.0	0.0	1.0	0.0	12.0	2.0	2.0
470	0.0	0.0	1.0	19.0	2.0	2.0	3.0
471	0.0	0.0	1.0	0.0	6.0	1.0	2.0
472	2.0	2.0	1.0	28.0	3.0	10.0	66.0
473	0.0	0.0	2.0	17.0	40.0	41.0	69.0
474	1.0	1.0	1.0	46.0	69.0	0.0	5.0
475	1.0	1.0	1.0	83.0	132.0	56.0	99.0
476	1.0	1.0	3.0	39.0	0.0	43.0	99.0
477	0.0	0.0	1.0	0.0	0.0	18.0	23.0
478	1.0	1.0	6.0	193.0	338.0	122.0	231.0
479	1.0	1.0	1.0	70.0	101.0	33.0	66.0
480	1.0	1.0	15.0	294.0	382.0	362.0	594.0
481	1.0	1.0	4.0	165.0	163.0	155.0	297.0
482	1.0	1.0	2.0	99.0	223.0	46.0	66.0
483	1.0	1.0	4.0	112.0	120.0	115.0	165.0
484	1.0	1.0	1.0	70.0	101.0	23.0	33.0
485	1.0	1.0	2.0	68.0	74.0	63.0	114.0
486	1.0	1.0	4.0	101.0	157.0	78.0	136.0
487	1.0	1.0	1.0	26.0	415.0	1.0	1.0
488	0.0	0.0	1.0	0.0	0.0	10.0	44.0
489	1.0	1.0	1.0	5.0	30.0	0.0	20.0
490	1.0	1.0	2.0	165.0	352.0	33.0	76.0
491	1.0	1.0	1.0	11.0	109.0	9.0	30.0
492	1.0	1.0	1.0	23.0	65.0	27.0	30.0
493	1.0	1.0	5.0	53.0	69.0	240.0	304.0
494	1.0	1.0	3.0	34.0	198.0	3.0	18.0
495	1.0	1.0	1.0	18.0	93.0	6.0	9.0
496	1.0	2.0	1.0	18.0	93.0	3.0	3.0
497	1.0	1.0	3.0	34.0	197.0	0.0	9.0
498	1.0	2.0	1.0	18.0	93.0	0.0	3.0
499	1.0	2.0	1.0	18.0	93.0	0.0	3.0
500	1.0	2.0	1.0	18.0	93.0	0.0	3.0
501	0.0	0.0	1.0	18.0	1.0	0.0	3.0
502	1.0	1.0	2.0	73.0	33.0	66.0	380.0
503	1.0	1.0	3.0	52.0	138.0	4.0	15.0
504	0.0	0.0	1.0	0.0	0.0	0.0	2.0
505	1.0	1.0	1.0	23.0	13.0	8.0	12.0
506	0.0	0.0	1.0	0.0	0.0	5.0	23.0
507	1.0	1.0	1.0	65.0	564.0	12.0	16.0
508	1.0	1.0	2.0	53.0	81.0	60.0	76.0
509	0.0	0.0	1.0	0.0	1.0	1.0	4.0
510	1.0	1.0	1.0	23.0	13.0	2.0	3.0
511	1.0	1.0	1.0	23.0	65.0	9.0	10.0
512	1.0	1.0	1.0	23.0	13.0	2.0	3.0
513	0.0	0.0	1.0	97.0	20.0	1.0	1.0
514	1.0	1.0	1.0	76.0	73.0	60.0	76.0
515	1.0	1.0	1.0	38.0	138.0	1.0	1.0
516	1.0	1.0	1.0	0.0	0.0	0.0	1.0
517	1.0	1.0	1.0	31.0	27.0	0.0	9.0
518	1.0	1.0	1.0	30.0	25.0	0.0	1.0
519	1.0	1.0	1.0	30.0	25.0	0.0	1.0
520	0.0	0.0	1.0	9.0	70.0	0.0	3.0
521	0.0	0.0	1.0	12.0	63.0	2.0	3.0
522	0.0	0.0	1.0	0.0	0.0	1.0	1.0
523	1.0	1.0	2.0	86.0	55.0	6.0	8.0
524	1.0	1.0	2.0	67.0	29.0	8.0	80.0
525	0.0	0.0	1.0	23.0	22.0	3.0	4.0
526	1.0	1.0	5.0	161.0	263.0	120.0	304.0
527	1.0	1.0	1.0	48.0	116.0	18.0	40.0
528	1.0	1.0	1.0	43.0	57.0	1.0	10.0
529	0.0	0.0	1.0	6.0	267.0	4.0	4.0
530	1.0	1.0	1.0	8.0	3.0	1.0	2.0
531	1.0	1.0	1.0	8.0	3.0	1.0	2.0
532	1.0	2.0	1.0	2.0	6.0	2.0	2.0
533	1.0	1.0	3.0	110.0	263.0	0.0	60.0
534	1.0	1.0	1.0	43.0	57.0	0.0	10.0
535	0.0	0.0	1.0	6.0	0.0	1.0	4.0
536	1.0	1.0	4.0	93.0	99.0	0.0	25.0
537	0.0	0.0	1.0	8.0	0.0	2.0	6.0
538	1.0	1.0	1.0	45.0	128.0	4.0	30.0
539	1.0	1.0	1.0	5.0	15.0	1.0	1.0
540	1.0	1.0	1.0	5.0	15.0	1.0	1.0
541	1.0	1.0	1.0	7.0	3.0	1.0	1.0
542	0.0	1.0	1.0	0.0	0.0	1.0	16.0
543	1.0	1.0	1.0	0.0	0.0	14.0	132.0
544	1.0	1.0	2.0	18.0	63.0	6.0	6.0
545	1.0	1.0	1.0	7.0	3.0	1.0	1.0
546	1.0	1.0	1.0	7.0	3.0	1.0	1.0
547	1.0	1.0	1.0	27.0	114.0	0.0	10.0
548	0.0	0.0	1.0	19.0	27.0	1.0	1.0
549	0.0	0.0	1.0	0.0	1.0	1.0	1.0
550	1.0	1.0	1.0	27.0	114.0	4.0	10.0
551	0.0	0.0	4.0	12.0	25.0	9.0	49.0
552	1.0	1.0	1.0	7.0	10.0	1.0	1.0
553	1.0	1.0	1.0	7.0	10.0	1.0	1.0
554	1.0	1.0	1.0	7.0	12.0	1.0	1.0
555	0.0	0.0	1.0	0.0	0.0	1.0	1.0
556	1.0	1.0	1.0	18.0	63.0	3.0	3.0
557	1.0	1.0	1.0	49.0	13.0	0.0	5.0
558	1.0	1.0	1.0	0.0	0.0	2.0	2.0
559	1.0	1.0	1.0	0.0	0.0	1.0	1.0
560	1.0	1.0	1.0	0.0	0.0	1.0	5.0
561	1.0	1.0	1.0	8.0	3.0	1.0	2.0
562	1.0	1.0	1.0	7.0	12.0	2.0	2.0
563	1.0	1.0	2.0	86.0	34.0	4.0	10.0
564	1.0	1.0	1.0	37.0	37.0	9.0	10.0
565	1.0	1.0	4.0	99.0	84.0	27.0	44.0
566	1.0	1.0	1.0	7.0	12.0	0.0	1.0
567	1.0	1.0	1.0	47.0	26.0	3.0	15.0
568	1.0	1.0	1.0	0.0	0.0	1.0	4.0
569	1.0	1.0	1.0	0.0	0.0	1.0	3.0
570	1.0	1.0	1.0	0.0	0.0	1.0	1.0
571	1.0	1.0	1.0	0.0	0.0	1.0	2.0
572	1.0	1.0	1.0	37.0	21.0	3.0	5.0
573	1.0	1.0	3.0	0.0	1.0	0.0	56.0
574	0.0	0.0	1.0	0.0	0.0	1.0	3.0
575	0.0	0.0	1.0	19.0	27.0	1.0	1.0
576	1.0	1.0	2.0	86.0	34.0	4.0	10.0
577	1.0	1.0	1.0	7.0	3.0	1.0	1.0
578	0.0	0.0	1.0	19.0	27.0	1.0	1.0
579	0.0	0.0	1.0	19.0	27.0	1.0	1.0
580	2.0	2.0	3.0	53.0	28.0	27.0	39.0
581	1.0	1.0	1.0	5.0	2.0	12.0	58.0
582	1.0	1.0	1.0	18.0	51.0	1.0	3.0
583	1.0	1.0	1.0	40.0	25.0	1.0	5.0
584	1.0	1.0	2.0	72.0	57.0	4.0	10.0
585	1.0	1.0	2.0	77.0	46.0	4.0	10.0
586	1.0	1.0	1.0	11.0	29.0	8.0	8.0
587	0.0	0.0	3.0	0.0	2.0	0.0	48.0
588	0.0	0.0	1.0	0.0	12.0	2.0	2.0
589	1.0	1.0	1.0	11.0	15.0	3.0	3.0
590	1.0	1.0	1.0	7.0	2.0	3.0	6.0
591	1.0	1.0	1.0	7.0	2.0	3.0	6.0
592	0.0	0.0	1.0	0.0	6.0	0.0	2.0
593	1.0	1.0	1.0	5.0	2.0	1.0	2.0
594	0.0	0.0	1.0	0.0	0.0	1.0	1.0
595	0.0	0.0	1.0	0.0	0.0	1.0	1.0
596	1.0	1.0	1.0	0.0	0.0	1.0	1.0
597	1.0	1.0	1.0	0.0	0.0	1.0	1.0
598	1.0	1.0	1.0	0.0	0.0	1.0	1.0
599	1.0	1.0	1.0	85.0	261.0	0.0	520.0
600	1.0	2.0	1.0	2.0	6.0	1.0	1.0
601	1.0	1.0	1.0	8.0	3.0	1.0	2.0
602	1.0	1.0	1.0	30.0	26.0	1.0	2.0
603	1.0	2.0	1.0	2.0	6.0	1.0	1.0
604	1.0	1.0	1.0	2.0	3.0	1.0	1.0
605	1.0	1.0	1.0	2.0	3.0	1.0	1.0
606	1.0	1.0	1.0	52.0	145.0	2.0	52.0
607	1.0	1.0	1.0	45.0	130.0	2.0	3.0
608	1.0	1.0	1.0	24.0	29.0	0.0	1.0
609	1.0	1.0	1.0	24.0	29.0	0.0	1.0
610	1.0	1.0	1.0	24.0	29.0	0.0	1.0
611	0.0	0.0	1.0	17.0	28.0	1.0	1.0
612	1.0	1.0	1.0	18.0	63.0	6.0	6.0
613	1.0	1.0	1.0	18.0	63.0	3.0	3.0
614	1.0	1.0	1.0	3.0	0.0	6.0	6.0
615	1.0	1.0	1.0	5.0	2.0	0.0	2.0
616	1.0	1.0	1.0	21.0	48.0	2.0	6.0
617	1.0	1.0	1.0	30.0	26.0	1.0	1.0
618	1.0	1.0	1.0	0.0	2.0	1.0	1.0
619	1.0	1.0	1.0	60.0	181.0	0.0	390.0
620	1.0	1.0	1.0	21.0	81.0	1.0	1.0
621	1.0	1.0	1.0	0.0	3.0	1.0	1.0
622	1.0	1.0	1.0	21.0	48.0	1.0	1.0
623	1.0	1.0	1.0	5.0	2.0	0.0	2.0
624	1.0	1.0	1.0	18.0	63.0	3.0	3.0
625	1.0	1.0	2.0	18.0	63.0	9.0	9.0
626	0.0	0.0	1.0	4.0	2.0	0.0	1.0
627	1.0	1.0	1.0	71.0	56.0	11.0	12.0
628	1.0	1.0	2.0	18.0	63.0	6.0	6.0
629	1.0	1.0	1.0	0.0	6.0	1.0	1.0
630	1.0	1.0	1.0	0.0	0.0	1.0	1.0
631	1.0	1.0	1.0	41.0	55.0	1.0	4.0
632	1.0	1.0	4.0	198.0	416.0	17.0	426.0
633	1.0	1.0	1.0	41.0	55.0	0.0	8.0
634	1.0	1.0	1.0	41.0	55.0	0.0	3.0
635	0.0	0.0	2.0	0.0	0.0	4.0	4.0
636	1.0	1.0	1.0	41.0	55.0	7.0	24.0
637	0.0	0.0	1.0	0.0	13.0	0.0	2.0
638	1.0	1.0	1.0	35.0	22.0	3.0	6.0
639	1.0	1.0	1.0	29.0	22.0	1.0	2.0
640	0.0	0.0	1.0	37.0	55.0	2.0	2.0
641	0.0	0.0	2.0	0.0	0.0	10.0	10.0
642	1.0	1.0	1.0	41.0	55.0	1.0	3.0
643	1.0	1.0	1.0	41.0	55.0	0.0	1.0
644	1.0	1.0	1.0	11.0	3.0	0.0	32.0
645	1.0	1.0	2.0	18.0	63.0	6.0	6.0
646	1.0	1.0	1.0	41.0	55.0	0.0	1.0
647	1.0	2.0	1.0	2.0	6.0	1.0	1.0
648	1.0	1.0	1.0	15.0	32.0	0.0	1.0
649	1.0	1.0	1.0	0.0	0.0	1.0	1.0
650	1.0	1.0	1.0	0.0	0.0	1.0	1.0
651	1.0	1.0	1.0	21.0	13.0	6.0	7.0
652	0.0	0.0	1.0	55.0	73.0	3.0	5.0
653	1.0	1.0	1.0	20.0	93.0	30.0	35.0
654	1.0	1.0	1.0	21.0	13.0	6.0	7.0
655	1.0	1.0	1.0	4.0	1.0	0.0	2.0
656	1.0	1.0	1.0	15.0	32.0	0.0	1.0
657	1.0	1.0	1.0	4.0	1.0	1.0	1.0
658	0.0	0.0	1.0	0.0	0.0	1.0	1.0
659	1.0	1.0	1.0	20.0	24.0	2.0	3.0
660	1.0	1.0	1.0	16.0	43.0	13.0	48.0
661	0.0	0.0	1.0	0.0	0.0	0.0	1.0
662	1.0	1.0	1.0	20.0	23.0	1.0	1.0
663	0.0	0.0	1.0	0.0	0.0	0.0	1.0
664	0.0	0.0	1.0	0.0	0.0	0.0	4.0
665	1.0	1.0	1.0	16.0	39.0	0.0	4.0
666	1.0	1.0	1.0	70.0	111.0	3.0	6.0
667	1.0	1.0	37.0	680.0	1176.0	3989.0	5544.0
668	0.0	0.0	1.0	0.0	0.0	1.0	1.0
669	1.0	1.0	1.0	60.0	93.0	7.0	14.0
670	1.0	1.0	1.0	59.0	92.0	2.0	4.0
671	0.0	0.0	1.0	0.0	0.0	1.0	2.0
672	1.0	1.0	1.0	65.0	95.0	5.0	10.0
673	0.0	0.0	1.0	0.0	0.0	0.0	1.0
674	1.0	1.0	2.0	50.0	99.0	0.0	8.0
675	1.0	1.0	1.0	26.0	21.0	1.0	6.0
676	1.0	1.0	1.0	71.0	56.0	11.0	12.0
677	1.0	1.0	1.0	71.0	56.0	11.0	12.0
678	1.0	1.0	1.0	71.0	56.0	11.0	12.0
679	1.0	1.0	1.0	32.0	82.0	2.0	2.0
680	1.0	1.0	1.0	21.0	48.0	1.0	1.0
681	0.0	0.0	1.0	0.0	0.0	0.0	1.0
682	1.0	1.0	2.0	50.0	99.0	0.0	10.0
683	1.0	1.0	1.0	46.0	67.0	0.0	2.0
684	1.0	1.0	1.0	15.0	11.0	2.0	2.0
685	1.0	1.0	1.0	24.0	29.0	0.0	11.0
686	1.0	1.0	1.0	0.0	0.0	0.0	11.0
687	0.0	0.0	1.0	0.0	0.0	0.0	1.0
688	0.0	0.0	1.0	0.0	0.0	0.0	1.0
689	1.0	1.0	1.0	24.0	29.0	0.0	11.0
690	1.0	1.0	4.0	220.0	422.0	945.0	1349.0
691	1.0	1.0	1.0	0.0	0.0	0.0	11.0
692	1.0	1.0	1.0	24.0	29.0	0.0	11.0
693	1.0	1.0	1.0	20.0	11.0	2.0	2.0
694	1.0	1.0	1.0	0.0	0.0	0.0	11.0
695	1.0	1.0	1.0	0.0	0.0	0.0	11.0
696	1.0	1.0	1.0	0.0	0.0	0.0	11.0
697	1.0	1.0	1.0	36.0	109.0	5.0	5.0
698	1.0	1.0	1.0	0.0	0.0	0.0	11.0
699	1.0	1.0	3.0	0.0	0.0	1.0	378.0
700	1.0	1.0	1.0	24.0	29.0	0.0	11.0
701	1.0	1.0	1.0	4.0	30.0	0.0	8.0
702	1.0	1.0	1.0	10.0	0.0	0.0	11.0
703	1.0	1.0	1.0	0.0	0.0	0.0	11.0
704	1.0	1.0	1.0	26.0	21.0	3.0	6.0
705	1.0	1.0	1.0	24.0	29.0	11.0	11.0
706	1.0	1.0	30.0	1683.0	3166.0	3024.0	4118.0
707	1.0	1.0	1.0	31.0	84.0	1.0	1.0
708	0.0	0.0	1.0	15.0	8.0	2.0	2.0
709	1.0	1.0	2.0	36.0	34.0	18.0	40.0
710	1.0	1.0	1.0	31.0	84.0	1.0	1.0
711	1.0	1.0	1.0	0.0	0.0	2.0	3.0
712	1.0	1.0	1.0	74.0	153.0	38.0	57.0
713	1.0	1.0	1.0	31.0	84.0	1.0	1.0
714	1.0	1.0	1.0	0.0	2.0	3.0	3.0
715	1.0	1.0	1.0	0.0	2.0	3.0	3.0
716	1.0	1.0	1.0	22.0	247.0	7.0	284.0
717	1.0	1.0	1.0	31.0	84.0	1.0	1.0
718	1.0	1.0	1.0	1.0	7.0	1.0	1.0
719	1.0	1.0	1.0	22.0	247.0	6.0	213.0
720	1.0	1.0	1.0	0.0	1.0	0.0	6.0
721	0.0	0.0	1.0	0.0	6.0	1.0	1.0
722	0.0	0.0	1.0	0.0	6.0	1.0	1.0
723	1.0	1.0	1.0	0.0	0.0	0.0	1.0
724	1.0	1.0	19.0	786.0	2177.0	901.0	1349.0
725	1.0	1.0	1.0	19.0	236.0	5.0	71.0
726	1.0	1.0	1.0	0.0	0.0	1.0	1.0
727	1.0	1.0	1.0	0.0	0.0	0.0	1.0
728	1.0	1.0	1.0	29.0	85.0	2.0	2.0
729	0.0	0.0	1.0	0.0	0.0	0.0	70.0
730	1.0	1.0	2.0	129.0	628.0	4.0	6.0
731	1.0	1.0	2.0	29.0	171.0	4.0	8.0
732	1.0	1.0	1.0	10.0	86.0	1.0	4.0
733	1.0	1.0	2.0	100.0	48.0	6.0	15.0
734	1.0	1.0	1.0	2.0	3.0	1.0	1.0
735	0.0	0.0	1.0	15.0	58.0	4.0	11.0
736	1.0	1.0	2.0	49.0	154.0	8.0	22.0
737	1.0	1.0	1.0	1.0	7.0	920.0	1056.0
738	1.0	1.0	1.0	15.0	27.0	6.0	176.0
739	1.0	1.0	1.0	2.0	3.0	1.0	1.0
740	1.0	1.0	1.0	17.0	45.0	56.0	64.0
741	1.0	1.0	2.0	37.0	47.0	18.0	21.0
742	1.0	1.0	1.0	0.0	15.0	6.0	7.0
743	1.0	1.0	1.0	31.0	7.0	4.0	51.0
744	0.0	0.0	1.0	13.0	23.0	0.0	32.0
745	0.0	0.0	1.0	8.0	6.0	1.0	16.0
746	1.0	1.0	1.0	24.0	5.0	13.0	16.0
747	1.0	1.0	1.0	55.0	88.0	9.0	9.0
748	1.0	1.0	1.0	32.0	77.0	1.0	2.0
749	1.0	1.0	1.0	21.0	81.0	2.0	2.0
750	1.0	1.0	3.0	63.0	98.0	16.0	32.0
751	1.0	1.0	1.0	11.0	109.0	5.0	18.0
752	1.0	1.0	1.0	21.0	100.0	0.0	1.0
753	1.0	1.0	1.0	2.0	3.0	1.0	1.0
754	1.0	1.0	1.0	22.0	6.0	1.0	1.0
755	1.0	1.0	8.0	325.0	340.0	1509.0	1848.0
756	1.0	1.0	1.0	0.0	0.0	14.0	132.0
757	1.0	1.0	6.0	156.0	14.0	589.0	792.0
758	1.0	1.0	13.0	111.0	222.0	1523.0	1980.0
759	1.0	1.0	1.0	0.0	0.0	1.0	9.0
760	1.0	1.0	1.0	2.0	3.0	1.0	1.0
761	0.0	0.0	1.0	0.0	0.0	1.0	4.0
762	1.0	1.0	1.0	2.0	24.0	1.0	4.0
763	1.0	1.0	1.0	2.0	24.0	1.0	7.0
764	1.0	1.0	1.0	2.0	24.0	0.0	1.0
765	1.0	1.0	1.0	11.0	1.0	1.0	1.0
766	0.0	0.0	1.0	0.0	0.0	1.0	1.0
767	0.0	1.0	1.0	1.0	0.0	50.0	80.0
768	1.0	1.0	1.0	47.0	12.0	8.0	8.0
769	1.0	1.0	1.0	46.0	12.0	8.0	8.0
770	0.0	0.0	1.0	0.0	12.0	6.0	10.0
771	1.0	1.0	1.0	22.0	7.0	42.0	46.0
772	1.0	1.0	1.0	0.0	0.0	1.0	1.0
773	0.0	0.0	1.0	50.0	72.0	2.0	2.0
774	0.0	0.0	1.0	50.0	72.0	1.0	1.0
775	1.0	1.0	2.0	62.0	123.0	0.0	24.0
776	1.0	1.0	1.0	24.0	68.0	0.0	1.0
777	1.0	1.0	1.0	4.0	15.0	1.0	1.0
778	1.0	1.0	1.0	24.0	68.0	0.0	1.0
779	0.0	0.0	1.0	0.0	1.0	0.0	2.0
780	0.0	0.0	1.0	0.0	13.0	2.0	4.0
781	1.0	1.0	1.0	88.0	102.0	48.0	145.0
782	1.0	1.0	1.0	23.0	100.0	0.0	4.0
783	1.0	1.0	1.0	48.0	77.0	16.0	20.0
784	1.0	1.0	1.0	23.0	100.0	2.0	4.0
785	0.0	0.0	1.0	18.0	2.0	0.0	2.0
786	1.0	1.0	1.0	0.0	3.0	0.0	8.0
787	0.0	0.0	1.0	0.0	0.0	0.0	2.0
788	1.0	1.0	2.0	29.0	171.0	4.0	8.0
789	1.0	1.0	1.0	22.0	4.0	0.0	6.0
790	0.0	0.0	1.0	20.0	55.0	0.0	7.0
791	1.0	1.0	1.0	10.0	86.0	0.0	2.0
792	0.0	0.0	1.0	0.0	0.0	0.0	9.0
793	0.0	0.0	1.0	20.0	55.0	0.0	1.0
794	0.0	0.0	1.0	10.0	81.0	6.0	7.0
795	0.0	0.0	1.0	9.0	68.0	4.0	6.0
796	0.0	0.0	1.0	10.0	78.0	5.0	6.0
797	0.0	0.0	1.0	4.0	11.0	1.0	1.0
798	1.0	1.0	3.0	139.0	123.0	96.0	108.0
799	1.0	1.0	2.0	29.0	171.0	2.0	4.0
800	0.0	0.0	1.0	0.0	7.0	1.0	2.0
801	1.0	1.0	1.0	0.0	0.0	0.0	6.0
802	1.0	1.0	1.0	10.0	86.0	1.0	2.0
803	1.0	1.0	1.0	20.0	18.0	12.0	12.0
804	1.0	1.0	1.0	0.0	0.0	1.0	3.0
805	0.0	0.0	1.0	15.0	58.0	4.0	11.0
806	1.0	1.0	1.0	0.0	0.0	1.0	3.0
807	1.0	1.0	1.0	2.0	3.0	1.0	1.0
808	0.0	0.0	1.0	9.0	64.0	1.0	1.0
809	0.0	0.0	1.0	10.0	73.0	2.0	2.0
810	1.0	1.0	1.0	2.0	3.0	1.0	1.0
811	0.0	0.0	1.0	0.0	12.0	2.0	2.0
812	1.0	1.0	1.0	2.0	3.0	1.0	1.0
813	1.0	1.0	1.0	10.0	86.0	0.0	4.0
814	1.0	1.0	1.0	0.0	0.0	1.0	3.0
815	1.0	1.0	3.0	67.0	5.0	9.0	9.0
816	0.0	0.0	1.0	34.0	73.0	1.0	1.0
817	0.0	0.0	1.0	64.0	55.0	1.0	16.0
818	1.0	1.0	1.0	10.0	86.0	0.0	2.0
819	1.0	1.0	1.0	26.0	24.0	12.0	30.0
820	1.0	1.0	1.0	9.0	82.0	0.0	1.0
821	1.0	1.0	1.0	0.0	5.0	1.0	1.0
822	0.0	0.0	1.0	16.0	7.0	9.0	12.0
823	1.0	1.0	1.0	21.0	81.0	2.0	2.0
824	1.0	1.0	8.0	398.0	349.0	0.0	920.0
825	0.0	0.0	2.0	0.0	2.0	6.0	6.0
826	1.0	1.0	1.0	17.0	14.0	1.0	1.0
827	1.0	1.0	1.0	0.0	11.0	1.0	1.0
828	1.0	1.0	1.0	0.0	11.0	1.0	1.0
829	0.0	0.0	1.0	0.0	0.0	2.0	6.0
830	0.0	0.0	1.0	0.0	0.0	2.0	6.0
831	1.0	1.0	1.0	21.0	81.0	2.0	2.0
832	0.0	0.0	1.0	0.0	3.0	0.0	1.0
833	0.0	0.0	1.0	0.0	3.0	0.0	1.0
834	1.0	1.0	1.0	0.0	0.0	2.0	8.0
835	1.0	1.0	2.0	24.0	0.0	3.0	10.0
836	1.0	1.0	1.0	17.0	14.0	1.0	1.0
837	1.0	1.0	1.0	8.0	6.0	1.0	1.0
838	1.0	1.0	1.0	0.0	0.0	13.0	49.0
839	1.0	1.0	1.0	12.0	26.0	9.0	35.0
840	1.0	1.0	2.0	1.0	1.0	22.0	110.0
841	1.0	1.0	1.0	0.0	4.0	15.0	77.0
842	1.0	1.0	2.0	36.0	126.0	19.0	56.0
843	0.0	0.0	1.0	0.0	3.0	0.0	1.0
844	1.0	1.0	1.0	5.0	15.0	1.0	4.0
845	1.0	1.0	1.0	5.0	15.0	1.0	4.0
846	1.0	1.0	1.0	5.0	15.0	1.0	4.0
847	0.0	0.0	1.0	0.0	0.0	1.0	1.0
848	1.0	1.0	1.0	0.0	0.0	6.0	21.0
849	1.0	1.0	2.0	1.0	7.0	22.0	140.0
850	1.0	1.0	2.0	0.0	6.0	2.0	22.0
851	0.0	0.0	1.0	0.0	6.0	1.0	2.0
852	0.0	0.0	1.0	0.0	6.0	1.0	1.0
853	1.0	1.0	1.0	0.0	0.0	1.0	2.0
854	1.0	1.0	1.0	0.0	0.0	1.0	2.0
855	1.0	1.0	1.0	0.0	0.0	1.0	1.0
856	0.0	0.0	1.0	0.0	0.0	9.0	10.0
857	0.0	0.0	1.0	0.0	6.0	1.0	2.0
858	0.0	0.0	1.0	0.0	6.0	1.0	2.0
859	1.0	1.0	1.0	0.0	0.0	3.0	7.0
860	0.0	0.0	2.0	0.0	0.0	6.0	6.0
861	0.0	0.0	2.0	0.0	0.0	6.0	6.0
862	1.0	1.0	1.0	7.0	10.0	1.0	1.0
863	0.0	0.0	1.0	0.0	6.0	0.0	1.0
864	1.0	1.0	2.0	4.0	5.0	4.0	12.0
865	1.0	1.0	1.0	0.0	0.0	1.0	4.0
866	1.0	1.0	1.0	0.0	0.0	1.0	1.0
867	1.0	1.0	2.0	166.0	164.0	3.0	576.0
868	0.0	0.0	1.0	11.0	37.0	0.0	2.0
869	1.0	1.0	3.0	36.0	138.0	21.0	114.0
870	1.0	1.0	1.0	20.0	94.0	19.0	209.0
871	1.0	1.0	2.0	36.0	131.0	3.0	57.0
872	1.0	1.0	2.0	20.0	97.0	2.0	57.0
873	1.0	2.0	1.0	20.0	93.0	1.0	19.0
874	0.0	0.0	1.0	11.0	37.0	0.0	1.0
875	1.0	1.0	2.0	36.0	131.0	10.0	57.0
876	1.0	2.0	1.0	20.0	93.0	0.0	19.0
877	1.0	2.0	1.0	20.0	93.0	0.0	19.0
878	1.0	2.0	1.0	20.0	93.0	0.0	19.0
879	1.0	1.0	1.0	0.0	0.0	1.0	1.0
880	1.0	1.0	1.0	0.0	2.0	1.0	1.0
881	0.0	0.0	1.0	3.0	1.0	2.0	7.0
882	0.0	0.0	1.0	84.0	72.0	3.0	36.0
883	1.0	1.0	1.0	0.0	0.0	1.0	1.0
884	0.0	0.0	1.0	0.0	6.0	0.0	2.0
885	1.0	1.0	1.0	0.0	0.0	0.0	2.0
886	1.0	1.0	1.0	18.0	63.0	2.0	2.0
887	0.0	0.0	1.0	11.0	37.0	0.0	1.0
888	0.0	0.0	1.0	11.0	37.0	0.0	1.0
889	0.0	0.0	1.0	18.0	0.0	42.0	46.0
890	1.0	1.0	1.0	18.0	63.0	1.0	1.0
891	0.0	0.0	1.0	0.0	0.0	1.0	18.0
892	1.0	1.0	1.0	0.0	0.0	1.0	1.0
893	0.0	0.0	1.0	0.0	1.0	1.0	4.0
894	1.0	1.0	1.0	18.0	63.0	3.0	3.0
895	1.0	1.0	4.0	60.0	322.0	31.0	42.0
896	0.0	0.0	3.0	43.0	140.0	21.0	36.0
897	0.0	0.0	1.0	15.0	35.0	5.0	6.0
898	0.0	0.0	1.0	15.0	35.0	5.0	6.0
899	0.0	0.0	1.0	10.0	78.0	5.0	6.0
900	1.0	1.0	2.0	25.0	107.0	10.0	12.0
901	1.0	1.0	1.0	18.0	63.0	2.0	2.0
902	0.0	0.0	1.0	9.0	1.0	0.0	19.0
903	1.0	1.0	1.0	0.0	0.0	1.0	1.0
904	0.0	0.0	1.0	0.0	1.0	1.0	1.0
905	1.0	1.0	1.0	2.0	24.0	0.0	1.0
906	0.0	0.0	1.0	34.0	28.0	2.0	4.0
907	0.0	0.0	1.0	34.0	28.0	1.0	1.0
908	1.0	1.0	1.0	15.0	72.0	0.0	16.0
909	1.0	1.0	1.0	3.0	1.0	1.0	1.0
910	1.0	1.0	1.0	3.0	1.0	1.0	1.0
911	1.0	1.0	1.0	3.0	1.0	1.0	1.0
912	1.0	1.0	1.0	49.0	218.0	11.0	38.0
913	1.0	1.0	1.0	0.0	0.0	14.0	132.0
914	1.0	1.0	1.0	0.0	163.0	1.0	1.0
915	0.0	0.0	1.0	9.0	88.0	2.0	2.0
916	1.0	1.0	3.0	110.0	69.0	15.0	15.0
917	1.0	1.0	1.0	8.0	6.0	5.0	5.0
918	1.0	1.0	1.0	8.0	6.0	5.0	5.0
919	1.0	1.0	3.0	76.0	107.0	10.0	20.0
920	1.0	1.0	1.0	46.0	67.0	0.0	4.0
921	1.0	1.0	1.0	31.0	84.0	1.0	1.0
922	1.0	1.0	1.0	35.0	312.0	26.0	380.0
923	1.0	1.0	1.0	3.0	1.0	1.0	1.0
924	1.0	1.0	1.0	31.0	84.0	1.0	1.0
925	0.0	0.0	1.0	14.0	56.0	1.0	1.0
926	0.0	0.0	1.0	14.0	56.0	2.0	2.0
927	1.0	1.0	1.0	0.0	0.0	0.0	2.0
928	1.0	1.0	1.0	22.0	4.0	1.0	3.0
929	1.0	1.0	1.0	0.0	0.0	2.0	2.0
930	1.0	1.0	1.0	0.0	0.0	1.0	1.0
931	1.0	1.0	1.0	0.0	0.0	1.0	1.0
932	1.0	1.0	1.0	0.0	0.0	1.0	5.0
933	0.0	0.0	1.0	0.0	1.0	1.0	1.0
934	1.0	1.0	1.0	23.0	3.0	1.0	5.0
935	1.0	1.0	1.0	15.0	32.0	0.0	1.0
936	1.0	1.0	1.0	21.0	55.0	0.0	42.0
937	1.0	1.0	1.0	5.0	32.0	1.0	16.0
938	0.0	0.0	1.0	20.0	55.0	0.0	6.0
939	1.0	1.0	1.0	62.0	94.0	14.0	29.0
940	0.0	0.0	1.0	0.0	0.0	1.0	9.0
941	1.0	1.0	1.0	15.0	32.0	0.0	1.0
942	0.0	0.0	1.0	20.0	55.0	0.0	6.0
943	1.0	1.0	1.0	28.0	103.0	16.0	16.0
944	1.0	1.0	1.0	28.0	102.0	6.0	7.0
945	0.0	0.0	1.0	30.0	5.0	8.0	13.0
946	1.0	1.0	1.0	24.0	2.0	1.0	1.0
947	1.0	1.0	1.0	15.0	22.0	1.0	1
948	1.0	1.0	1.0	20.0	101.0	0.0	2.0
949	1.0	1.0	1.0	32.0	307.0	6.0	19.0
950	1.0	1.0	5.0	279.0	158.0	28.0	154.0
951	1.0	1.0	1.0	22.0	289.0	0.0	20.0
952	1.0	1.0	1.0	20.0	101.0	0.0	3.0
953	0.0	0.0	1.0	36.0	402.0	0.0	2.0
954	1.0	1.0	1.0	15.0	32.0	0.0	1.0
955	0	0	1.0	0.0	0.0	1.0	2.0
956	1.0	1.0	1.0	16.0	39.0	0.0	12.0
957	1.0	1.0	1.0	0.0	0.0	5.0	12.0
958	1.0	1.0	2.0	6.0	34.0	16.0	16.0
959	0.0	0.0	1.0	0.0	6.0	1.0	1.0
960	1.0	1.0	1.0	7.0	12.0	0.0	1.0
961	1.0	1.0	3.0	108.0	317.0	27.0	80.0
962	0.0	0.0	1.0	0.0	0.0	4.0	9.0
963	1.0	1.0	1.0	7.0	12.0	0.0	2.0
964	0.0	0.0	1.0	0.0	0.0	1.0	1.0
965	1.0	1.0	1.0	28.0	31.0	1.0	22.0
966	1.0	1.0	1.0	25.0	31.0	1.0	4.0
967	1.0	1.0	1.0	25.0	31.0	1.0	7.0
968	1.0	1.0	1.0	18.0	63.0	2.0	2.0
969	1.0	1.0	1.0	18.0	63.0	1.0	1.0
970	1.0	1.0	2.0	137.0	79.0	7.0	132.0
971	0.0	0.0	1.0	50.0	72.0	2.0	2.0
972	0.0	0.0	1.0	0.0	0.0	1.0	4.0
973	0.0	0.0	1.0	0.0	0.0	4.0	8.0
974	1.0	1.0	1.0	29.0	11.0	0.0	6.0
975	1.0	1.0	1.0	18.0	198.0	1.0	3.0
976	1.0	1.0	1.0	29.0	11.0	0.0	12.0
977	1.0	1.0	1.0	29.0	12.0	5.0	18.0
978	1.0	1.0	1.0	18.0	63.0	1.0	1.0
979	1.0	1.0	1.0	18.0	63.0	3.0	3.0
980	0.0	0.0	1.0	18.0	2.0	1.0	1.0
981	1.0	1.0	4.0	259.0	154.0	42.0	132.0
982	1.0	1.0	1.0	0.0	0.0	0.0	6.0
983	1.0	1.0	1.0	0.0	0.0	0.0	12.0
984	1.0	1.0	1.0	0.0	0.0	6.0	6.0
985	1.0	1.0	1.0	0.0	0.0	0.0	18.0
986	1.0	1.0	1.0	0.0	0.0	6.0	54.0
987	1.0	1.0	1.0	0.0	0.0	60.0	60.0
988	1.0	1.0	1.0	1.0	0.0	60.0	96.0
989	1.0	1.0	2.0	199.0	131.0	12.0	24.0
990	1.0	1.0	1.0	18.0	63.0	3.0	3.0
991	1.0	1.0	1.0	104.0	31.0	6.0	12.0
992	1.0	1.0	1.0	23.0	4.0	4.0	17.0
993	1.0	1.0	4.0	251.0	154.0	24.0	42.0
994	1.0	1.0	1.0	18.0	63.0	2.0	2.0
995	1.0	1.0	1.0	68.0	64.0	0.0	12.0
996	1.0	1.0	1.0	0.0	0.0	12.0	12.0
997	1.0	1.0	1.0	0.0	0.0	1.0	11.0
998	1.0	1.0	1.0	45.0	13.0	0.0	3.0
999	1.0	1.0	1.0	31.0	84.0	1.0	1.0
1000	1.0	1.0	1.0	0.0	0.0	1.0	1.0
1001	1.0	1.0	1.0	31.0	84.0	1.0	1.0
1002	1.0	1.0	1.0	23.0	18.0	1.0	2.0
1003	1.0	1.0	1.0	28.0	39.0	1.0	1.0
1004	1.0	1.0	2.0	80.0	34.0	0.0	6.0
1005	1.0	1.0	1.0	31.0	84.0	1.0	1.0
1006	1.0	1.0	1.0	0.0	0.0	1.0	1.0
1007	0.0	0.0	1.0	0.0	0.0	1.0	1.0
1008	1.0	1.0	1.0	28.0	40.0	0.0	4.0
1009	1.0	1.0	1.0	27.0	45.0	1.0	2.0
1010	1.0	1.0	1.0	28.0	39.0	1.0	1.0
1011	1.0	1.0	1.0	28.0	39.0	0.0	1.0
1012	1.0	1.0	3.0	126.0	59.0	0.0	15.0
1013	0.0	0.0	1.0	0.0	0.0	2.0	3.0
1014	1.0	1.0	1.0	46.0	26.0	0.0	9.0
1015	1.0	1.0	1.0	29.0	95.0	2.0	2.0
1016	1.0	1.0	1.0	0.0	0.0	1.0	1.0
1017	1.0	1.0	1.0	21.0	48.0	2.0	8.0
1018	1.0	1.0	1.0	21.0	48.0	2.0	12.0
1019	1.0	1.0	1.0	35.0	21.0	0.0	3.0
1020	0.0	0.0	1.0	13.0	0.0	1.0	2.0
1021	1.0	1.0	1.0	25.0	31.0	0.0	11.0
1022	1.0	1.0	2.0	80.0	34.0	0.0	6.0
1023	1.0	1.0	1.0	10.0	44.0	0.0	18.0
1024	1.0	1.0	2.0	0.0	1.0	8.0	10.0
1025	0.0	0.0	1.0	15.0	33.0	1.0	1.0
1026	1.0	1.0	1.0	22.0	124.0	1.0	1.0
1027	1.0	1.0	1.0	3.0	52.0	0.0	140.0
1028	0.0	0.0	1.0	0.0	0.0	2.0	12.0
1029	0.0	0.0	1.0	0.0	0.0	5.0	18.0
1030	1.0	1.0	4.0	147.0	124.0	30.0	30.0
1031	1.0	1.0	1.0	39.0	25.0	0.0	3.0
1032	1.0	1.0	1.0	47.0	13.0	0.0	6.0
1033	1.0	1.0	2.0	74.0	46.0	0.0	6.0
1034	1.0	1.0	1.0	2.0	24.0	0.0	1.0
1035	1.0	1.0	2.0	83.0	58.0	0.0	36.0
1036	1.0	1.0	1.0	0.0	0.0	5.0	36.0
1037	1.0	1.0	1.0	0.0	0.0	0.0	1.0
1038	0.0	0.0	1.0	0.0	0.0	1.0	1.0
1039	0.0	0.0	1.0	0.0	0.0	1.0	1.0
1040	1.0	1.0	1.0	12.0	4.0	0.0	6.0
1041	0.0	0.0	1.0	7.0	0.0	1.0	1
1042	1.0	1.0	1.0	19.0	40.0	1.0	1.0
1043	1.0	1.0	1.0	19.0	40.0	1.0	1.0
1044	1.0	1.0	1.0	19.0	40.0	1.0	1.0
1045	0.0	0.0	1.0	0.0	0.0	1.0	1.0
1046	0.0	0.0	1.0	0.0	0.0	0.0	12.0
1047	1.0	1.0	1.0	21.0	48.0	0.0	2.0
1048	0.0	0.0	1.0	0.0	0.0	1.0	1.0
1049	0.0	0.0	1.0	3.0	11.0	2.0	2.0
1050	1.0	1.0	2.0	48.0	235.0	1.0	92.0
1051	1.0	1.0	1.0	21.0	48.0	0.0	2.0
1052	1.0	1.0	2.0	34.0	645.0	7.0	14.0
1053	0.0	0.0	1.0	28.0	4.0	23.0	34.0
1054	0.0	0.0	1.0	3.0	11.0	2.0	2.0
1055	1.0	1.0	1.0	21.0	48.0	0.0	2.0
1056	1.0	1.0	1.0	18.0	200.0	0.0	24.0
1057	0.0	0.0	1.0	0.0	0.0	0.0	1.0
1058	0.0	0.0	1.0	15.0	0.0	11.0	11.0
1059	0.0	0.0	1.0	14.0	56.0	2.0	2.0
1060	0.0	0.0	1.0	26.0	58.0	15.0	23.0
1061	1.0	1.0	1.0	22.0	4.0	0.0	2.0
1062	0.0	0.0	1.0	11.0	37.0	1.0	1.0
1063	1.0	1.0	1.0	58.0	36.0	0.0	3.0
1064	1.0	1.0	1.0	58.0	36.0	0.0	5.0
1065	0.0	0.0	1.0	0.0	0.0	0.0	1.0
1066	0.0	0.0	1.0	0.0	6.0	0.0	1.0
1067	0.0	0.0	1.0	0.0	3.0	1.0	1.0
1068	1.0	1.0	1.0	29.0	31.0	24.0	88.0
1069	1.0	1.0	3.0	48.0	114.0	38.0	154.0
1070	1.0	1.0	2.0	28.0	27.0	9.0	264.0
1071	1.0	1.0	1.0	104.0	31.0	7.0	44.0
1072	1.0	1.0	1.0	35.0	47.0	28.0	242.0
1073	1.0	1.0	1.0	2.0	24.0	4.0	7.0
1074	0.0	0.0	1.0	0.0	6.0	3.0	3.0
1075	0.0	0.0	1.0	26.0	57.0	2.0	2.0
1076	1.0	1.0	1.0	0.0	0.0	1.0	1.0
1077	1.0	1.0	1.0	15.0	64.0	22.0	23.0
1078	0.0	0.0	1.0	0.0	0.0	5.0	5.0
1079	0.0	0.0	1.0	0.0	6.0	1.0	1.0
1080	1.0	1.0	1.0	39.0	138.0	6.0	9.0
1081	1.0	1.0	1.0	39.0	138.0	3.0	3.0
1082	1.0	1.0	1.0	28.0	31.0	7.0	22.0
1083	1.0	1.0	1.0	2.0	4.0	1.0	1.0
1084	1.0	1.0	1.0	8.0	2.0	1.0	1.0
1085	1.0	1.0	2.0	123.0	220.0	144.0	153.0
1086	1.0	1.0	1.0	46.0	19.0	4.0	4.0
1087	0.0	0.0	1.0	26.0	57.0	1.0	1.0
1088	0.0	0.0	1.0	4.0	3.0	7.0	22.0
1089	1.0	1.0	2.0	35.0	4.0	4.0	6.0
1090	0.0	0.0	1.0	13.0	60.0	2.0	6.0
1091	1.0	1.0	1.0	11.0	60.0	2.0	32.0
1092	1.0	1.0	1.0	28.0	31.0	1.0	22.0
1093	1.0	1.0	1.0	29.0	107.0	2.0	12.0
1094	1.0	1.0	1.0	40.0	29.0	0.0	387.0
1095	1.0	1.0	1.0	2.0	24.0	4.0	7.0
1096	1.0	1.0	1.0	2.0	3.0	0.0	8.0
1097	1.0	1.0	1.0	39.0	138.0	3.0	3.0
1098	0.0	0.0	1.0	0.0	1.0	1.0	4.0
1099	1.0	1.0	1.0	20.0	35.0	15.0	43.0
1100	1.0	1.0	1.0	20.0	35.0	15.0	43.0
1101	0.0	0.0	1.0	0.0	0.0	1.0	1.0
1102	1.0	1.0	1.0	32.0	73.0	1.0	1.0
1103	1.0	1.0	1.0	8.0	40.0	2.0	2.0
1104	1.0	1.0	1.0	38.0	138.0	2.0	3.0
1105	1.0	1.0	3.0	26.0	28.0	24.0	28.0
1106	0.0	0.0	1.0	0.0	8.0	1.0	1.0
1107	0.0	0.0	1.0	3.0	6.0	1.0	2.0
1108	0.0	0.0	1.0	127.0	2.0	1.0	1.0
1109	1.0	1.0	1.0	0.0	12.0	0.0	1.0
1110	1.0	1.0	1.0	0.0	12.0	0.0	4.0
1111	1.0	1.0	1.0	56.0	6.0	0.0	1.0
1112	1.0	1.0	1.0	43.0	29.0	2.0	4.0
1113	1.0	1.0	2.0	34.0	39.0	34.0	36.0
1114	1.0	1.0	1.0	15.0	27.0	4.0	4.0
1115	1.0	1.0	1.0	70.0	111.0	2.0	3.0
1116	0.0	0.0	1.0	0.0	0.0	1.0	1.0
1117	1.0	1.0	1.0	60.0	93.0	4.0	7.0
1118	1.0	1.0	1.0	58.0	85.0	1.0	2.0
1119	1.0	1.0	1.0	0.0	12.0	0.0	1.0
1120	0.0	0.0	1.0	0.0	0.0	1.0	1.0
1121	1.0	1.0	1.0	29.0	11.0	0.0	3.0
1122	0.0	0.0	1.0	0.0	0.0	0.0	1.0
1123	1.0	1.0	1.0	29.0	11.0	0.0	6.0
1124	1.0	1.0	1.0	59.0	92.0	2.0	2.0
1125	1.0	1.0	1.0	65.0	95.0	5.0	5.0
1126	0.0	0.0	1.0	2.0	0.0	1.0	1.0
1127	0.0	0.0	1.0	2.0	0.0	1.0	1.0
1128	1.0	1.0	3.0	9.0	12.0	8.0	20.0
1129	1.0	1.0	3.0	93.0	220.0	8.0	36.0
1130	1.0	1.0	1.0	32.0	115.0	4.0	18.0
1131	1.0	1.0	2.0	38.0	17.0	3.0	40.0
1132	0.0	0.0	1.0	0.0	0.0	0.0	1.0
1133	1.0	1.0	1.0	24.0	29.0	0.0	1.0
1134	0.0	0.0	1.0	15.0	6.0	0.0	6.0
1135	1.0	1.0	1.0	30.0	58.0	9.0	20.0
1136	1.0	1.0	2.0	112.0	111.0	72.0	90.0
1137	1.0	1.0	1.0	30.0	61.0	63.0	80.0
1138	1.0	1.0	1.0	24.0	29.0	0.0	1.0
1139	1.0	1.0	1.0	24.0	29.0	0.0	1.0
1140	1.0	1.0	1.0	7.0	2.0	12.0	87.0
1141	1.0	1.0	1.0	2.0	0.0	2.0	4.0
1142	1.0	1.0	1.0	24.0	29.0	0.0	11.0
1143	1.0	1.0	1.0	24.0	29.0	0.0	1.0
1144	1.0	1.0	1.0	0.0	0.0	2.0	10.0
1145	1.0	1.0	1.0	0.0	0.0	1.0	1.0
1146	1.0	1.0	1.0	0.0	0.0	1.0	1.0
1147	1.0	2.0	1.0	32.0	101.0	1.0	37.0
1148	1.0	1.0	1.0	15.0	14.0	1.0	18.0
1149	1.0	1.0	1.0	20.0	2.0	15.0	18.0
1150	1.0	1.0	3.0	30.0	42.0	6.0	9.0
1151	1.0	1.0	1.0	0.0	0.0	1.0	1.0
1152	1.0	1.0	1.0	24.0	29.0	0.0	1.0
1153	0.0	0.0	1.0	0.0	3.0	0.0	1.0
1154	0.0	0.0	1.0	0.0	3.0	0.0	1.0
1155	1.0	1.0	1.0	16.0	29.0	1.0	1.0
1156	1.0	1.0	1.0	0.0	11.0	1.0	1.0
1157	1.0	1.0	1.0	0.0	11.0	1.0	1.0
1158	1.0	1.0	1.0	0.0	11.0	1.0	1.0
1159	1.0	1.0	1.0	31.0	84.0	1.0	1.0
1160	1.0	1.0	1.0	88.0	91.0	48.0	116.0
1161	1.0	1.0	1.0	0.0	0.0	1.0	1.0
1162	1.0	1.0	1.0	7.0	2.0	1.0	3.0
1163	1.0	1.0	1.0	7.0	12.0	2.0	2.0
1164	1.0	1.0	1.0	0.0	0.0	1.0	1.0
1165	0.0	0.0	1.0	0.0	1.0	2.0	2.0
1166	0.0	0.0	1.0	19.0	27.0	1.0	1.0
1167	0.0	0.0	1.0	19.0	27.0	1.0	1.0
1168	0.0	0.0	1.0	0.0	5.0	1.0	2.0
1169	0.0	0.0	1.0	0.0	0.0	1.0	4.0
1170	1.0	1.0	1.0	7.0	2.0	0.0	3.0
1171	1.0	1.0	1.0	25.0	31.0	0.0	1.0
1172	0.0	0.0	1.0	0.0	0.0	1.0	1.0
1173	0.0	0.0	1.0	0.0	0.0	1.0	2.0
1174	0.0	0.0	1.0	0.0	0.0	2.0	4.0
1175	0.0	0.0	1.0	0.0	0.0	1.0	8.0
1176	1.0	1.0	1.0	4.0	0.0	0.0	8.0
1177	0.0	0.0	1.0	0.0	0.0	1.0	4.0
1178	0.0	0.0	1.0	0.0	0.0	0.0	1.0
1179	0.0	0.0	1.0	20.0	91.0	6.0	7.0
1180	1.0	1.0	1.0	29.0	85.0	2.0	2.0
1181	1.0	1.0	2.0	60.0	189.0	4.0	4.0
1182	1.0	1.0	1.0	0.0	0.0	0.0	2.0
1183	1.0	1.0	1.0	0.0	0.0	0.0	4.0
1184	1.0	1.0	1.0	0.0	0.0	2.0	2.0
1185	1.0	1.0	2.0	0.0	0.0	0.0	6.0
1186	1.0	1.0	1.0	0.0	0.0	2.0	18.0
1187	0.0	0.0	1.0	0.0	0.0	1.0	4.0
1188	1.0	1.0	1.0	15.0	11.0	0.0	2.0
1189	1.0	1.0	1.0	9.0	131.0	1.0	2.0
1190	1.0	1.0	1.0	41.0	43.0	1.0	1.0
1191	0.0	0.0	1.0	0.0	0.0	1.0	4.0
1192	0.0	0.0	1.0	0.0	0.0	1.0	4.0
1193	1.0	1.0	1.0	41.0	43.0	1.0	1.0
1194	1.0	1.0	1.0	41.0	43.0	1.0	1.0
1195	1.0	1.0	1.0	3.0	1.0	1.0	1.0
1196	1.0	1.0	2.0	132.0	791.0	34.0	76.0
1197	1.0	1.0	1.0	21.0	48.0	8.0	24.0
1198	1.0	1.0	1.0	20.0	11.0	0.0	2.0
1199	0.0	0.0	1.0	0.0	3.0	1.0	1.0
1200	0.0	0.0	1.0	20.0	92.0	5.0	5.0
1201	1.0	1.0	1.0	11.0	11.0	0.0	1.0
1202	1.0	1.0	1.0	21.0	48.0	2.0	4.0
1203	1.0	1.0	2.0	36.0	283.0	0.0	6.0
1204	1.0	1.0	1.0	11.0	12.0	0.0	4.0
1205	1.0	1.0	1.0	23.0	106.0	0.0	3.0
1206	0.0	0.0	1.0	5.0	0.0	1.0	1.0
1207	1.0	1.0	2.0	35.0	36.0	6.0	10.0
1208	1.0	1.0	1.0	23.0	106.0	1.0	3.0
1209	0.0	0.0	1.0	0.0	0.0	1.0	1.0
1210	1.0	1.0	1.0	29.0	59.0	12.0	18.0
1211	1.0	1.0	1.0	21.0	48.0	2.0	4.0
1212	1.0	1.0	1.0	28.0	59.0	0.0	4.0
1213	1.0	1.0	1.0	3.0	1.0	1.0	1.0
1214	1.0	1.0	1.0	0.0	0.0	0.0	2.0
1215	1.0	1.0	1.0	35.0	55.0	0.0	2.0
1216	0.0	0.0	3.0	0.0	0.0	9.0	9.0
1217	1.0	1.0	1.0	3.0	1.0	1.0	1.0
1218	0.0	0.0	1.0	0.0	0.0	0.0	1.0
1219	0.0	0.0	1.0	34.0	28.0	4.0	11.0
1220	1.0	1.0	2.0	26.0	34.0	18.0	21.0
1221	1.0	1.0	1.0	0.0	1.0	244.0	396.0
1222	0.0	0.0	1.0	16.0	7.0	3.0	4.0
1223	1.0	1.0	1.0	5.0	0.0	5.0	7.0
1224	1.0	1.0	1.0	0.0	12.0	3.0	4.0
1225	0.0	0.0	1.0	0.0	0.0	3.0	3.0
1226	1.0	1.0	1.0	2.0	24.0	1.0	1.0
1227	1.0	1.0	1.0	12.0	26.0	12.0	16.0
1228	0.0	0.0	1.0	0.0	0.0	1.0	1.0
1229	0.0	0.0	1.0	0.0	0.0	0.0	1.0
1230	1.0	1.0	2.0	17.0	37.0	15.0	24.0
1231	1.0	1.0	1.0	38.0	138.0	1.0	1.0
1232	1.0	1.0	1.0	17.0	39.0	6.0	9.0
1233	0.0	0.0	1.0	0.0	1.0	2.0	3.0
1234	0.0	0.0	1.0	16.0	7.0	3.0	3.0
1235	1.0	1.0	1.0	11.0	22.0	0.0	10.0
1236	1.0	1.0	1.0	11.0	22.0	0.0	19.0
1237	0.0	0.0	1.0	34.0	28.0	2.0	4.0
1238	0.0	0.0	1.0	34.0	28.0	1.0	1.0
1239	0.0	0.0	1.0	34.0	28.0	1.0	1.0
1240	1.0	1.0	1.0	1.0	27.0	0.0	8.0
1241	1.0	1.0	1.0	28.0	1.0	3.0	3.0
1242	0.0	0.0	1.0	0.0	1.0	2.0	3.0
1243	1.0	1.0	2.0	85.0	281.0	6.0	10.0
1244	0.0	0.0	1.0	55.0	73.0	3.0	5.0
1245	1.0	1.0	2.0	17.0	46.0	16.0	24.0
1246	1.0	1.0	1.0	9.0	22.0	1.0	1.0
1247	1.0	1.0	1.0	11.0	29.0	24.0	24.0
1248	1.0	1.0	2.0	18.0	97.0	2.0	18.0
1249	1.0	2.0	1.0	18.0	88.0	0.0	3.0
1250	1.0	2.0	1.0	18.0	88.0	0.0	3.0
1251	0.0	0.0	1.0	28.0	84.0	4.0	5.0
1252	1.0	1.0	1.0	0.0	0.0	0.0	4.0
1253	1.0	1.0	1.0	9.0	22.0	2.0	2.0
1254	1.0	1.0	1.0	0.0	0.0	0.0	4.0
1255	1.0	1.0	1.0	0.0	0.0	0.0	4.0
1256	1.0	1.0	1.0	0.0	0.0	0.0	4.0
1257	1.0	1.0	1.0	0.0	0.0	0.0	4.0
1258	1.0	1.0	4.0	0.0	1.0	44.0	44.0
1259	1.0	1.0	1.0	0.0	0.0	0.0	4.0
1260	1.0	1.0	1.0	11.0	29.0	3.0	3.0
1261	0.0	0.0	1.0	4.0	2.0	3.0	4.0
1262	1.0	1.0	1.0	2.0	117.0	3.0	3.0
1263	1.0	1.0	1.0	3.0	1.0	1.0	1.0
1264	0.0	0.0	1.0	0.0	0.0	1.0	2.0
1265	0.0	0.0	1.0	28.0	84.0	1.0	1.0
1266	1.0	1.0	1.0	0.0	4.0	1.0	1.0
1267	1.0	1.0	1.0	41.0	43.0	1.0	1.0
1268	1.0	1.0	1.0	41.0	43.0	1.0	1.0
1269	1.0	1.0	1.0	20.0	190.0	0.0	2.0
1270	0.0	0.0	1.0	0.0	0.0	1.0	1.0
1271	1.0	1.0	1.0	24.0	29.0	1.0	1
1272	0.0	0.0	1.0	0.0	0.0	1.0	1.0
1273	1.0	1.0	1.0	21.0	13.0	4.0	4.0
1274	1.0	1.0	1.0	0.0	4.0	0.0	1.0
1275	1.0	1.0	1.0	0.0	4.0	0.0	1.0
1276	0.0	0.0	1.0	0.0	0.0	1.0	1.0
1277	0.0	0.0	1.0	17.0	30.0	1.0	1.0
1278	1.0	1.0	1.0	12.0	26.0	6.0	14.0
1279	1.0	1.0	1.0	23.0	5.0	1.0	1.0
1280	1.0	1.0	1.0	24.0	5.0	13.0	16.0
1281	1.0	1.0	1.0	31.0	27.0	6.0	9.0
1282	1.0	1.0	1.0	3.0	1.0	1.0	1.0
1283	1.0	1.0	1.0	0.0	2.0	2.0	2.0
1284	0.0	0.0	1.0	0.0	0.0	7.0	9.0
1285	1.0	1.0	2.0	10.0	10.0	14.0	40.0
1286	1.0	1.0	1.0	21.0	13.0	4.0	4.0
1287	1.0	1.0	1.0	49.0	112.0	0.0	3.0
1288	1.0	1.0	2.0	100.0	375.0	0.0	6.0
1289	1.0	1.0	2.0	100.0	375.0	0.0	6.0
1290	1.0	1.0	1.0	21.0	81.0	2.0	2.0
1291	1.0	1.0	1.0	25.0	0.0	2.0	2.0
1292	0.0	0.0	1.0	0.0	0.0	14.0	16.0
1293	1.0	1.0	1.0	21.0	81.0	1.0	1.0
1294	1.0	1.0	1.0	25.0	31.0	1.0	1.0
1295	1.0	1.0	1.0	21.0	81.0	1.0	1.0
1296	0.0	0.0	1.0	0.0	43.0	1.0	1.0
1297	1.0	1.0	1.0	21.0	81.0	1.0	1.0
1298	1.0	1.0	1.0	28.0	24.0	4.0	12.0
1299	1.0	1.0	1.0	24.0	24.0	6.0	10.0
1300	1.0	1.0	1.0	0.0	6.0	3.0	8.0
1301	1.0	1.0	1.0	0.0	0.0	0.0	2.0
1302	1.0	1.0	5.0	128.0	49.0	35.0	35.0
1303	1.0	1.0	2.0	15.0	18.0	2.0	8.0
1304	1.0	1.0	2.0	15.0	18.0	2.0	6.0
1305	1.0	1.0	1.0	0.0	0.0	0.0	1.0
1306	1.0	1.0	1.0	0.0	0.0	0.0	2.0
1307	1.0	1.0	1.0	0.0	0.0	0.0	3.0
1308	1.0	1.0	1.0	0.0	0.0	1.0	9.0
1309	0.0	0.0	1.0	10.0	73.0	2.0	2.0
1310	1.0	1.0	1.0	25.0	41.0	0.0	2.0
1311	0.0	0.0	1.0	0.0	0.0	1.0	1.0
1312	1.0	1.0	2.0	67.0	105.0	20.0	35.0
1313	1.0	1.0	1.0	81.0	90.0	16.0	55.0
1314	1.0	1.0	9.0	313.0	743.0	92.0	319.0
1315	1.0	1.0	1.0	61.0	92.0	3.0	11.0
1316	1.0	1.0	1.0	0.0	0.0	1.0	11.0
1317	1.0	1.0	1.0	0.0	93.0	0.0	2.0
1318	1.0	1.0	1.0	28.0	19.0	3.0	3.0
1319	1.0	1.0	1.0	44.0	12.0	4.0	4.0
1320	0.0	0.0	1.0	0.0	6.0	1.0	11.0
1321	0.0	0.0	1.0	0.0	6.0	1.0	11.0
1322	1.0	1.0	1.0	82.0	83.0	16.0	44.0
1323	1.0	1.0	1.0	72.0	122.0	11.0	21.0
1324	0.0	0.0	2.0	0.0	0.0	15.0	15.0
1325	1.0	1.0	1.0	71.0	119.0	4.0	6.0
1326	1.0	1.0	2.0	118.0	241.0	10.0	15.0
1327	1.0	1.0	1.0	0.0	0.0	1.0	1.0
1328	0.0	0.0	1.0	16.0	45.0	2.0	2.0
1329	0.0	0.0	1.0	36.0	128.0	0.0	46.0
1330	0.0	0.0	1.0	14.0	3.0	2.0	3.0
1331	1.0	1.0	1.0	0.0	0.0	1.0	1.0
1332	0.0	0.0	1.0	89.0	3.0	1.0	1.0
1333	1.0	1.0	1.0	0.0	0.0	1.0	2.0
1334	1.0	1.0	1.0	0.0	0.0	3.0	6.0
1335	1.0	1.0	2.0	31.0	12.0	8.0	18.0
1336	1.0	1.0	1.0	41.0	43.0	1.0	1.0
1337	0.0	0.0	1.0	34.0	28.0	4.0	11.0
1338	1.0	1.0	1.0	0.0	0.0	1.0	1.0
1339	1.0	1.0	1.0	0.0	0.0	1.0	1.0
1340	1.0	1.0	1.0	14.0	29.0	0.0	5.0
1341	1.0	1.0	1.0	0.0	0.0	1.0	1.0
1342	1.0	1.0	1.0	0.0	0.0	1.0	1.0
1343	1.0	1.0	1.0	13.0	29.0	1.0	1.0
1344	1.0	1.0	1.0	0.0	0.0	0.0	11.0
1345	0.0	0.0	1.0	4.0	0.0	20.0	25.0
1346	1.0	1.0	1.0	0.0	0.0	1.0	1.0
1347	1.0	1.0	2.0	17.0	3.0	67.0	90.0
1348	1.0	1.0	1.0	0.0	0.0	0.0	4.0
1349	1.0	1.0	1.0	13.0	29.0	0.0	14.0
1350	1.0	1.0	2.0	60.0	189.0	4.0	4.0
1351	1.0	1.0	1.0	29.0	85.0	2.0	2.0
1352	1.0	1.0	2.0	60.0	189.0	4.0	4.0
1353	1.0	1.0	2.0	60.0	189.0	4.0	4.0
1354	0.0	0.0	1.0	0.0	0.0	1.0	2.0
1355	0.0	0.0	1.0	0.0	0.0	0.0	1.0
1356	1.0	1.0	1.0	4.0	231.0	0.0	6.0
1357	1.0	2.0	1.0	18.0	93.0	0.0	6.0
1358	1.0	1.0	1.0	0.0	11.0	1.0	1.0
1359	0.0	0.0	1.0	47.0	20.0	1.0	1.0
1360	0.0	0.0	1.0	0.0	0.0	1.0	1.0
1361	0.0	0.0	1.0	0.0	0.0	1.0	1.0
1362	0.0	0.0	1.0	0.0	3.0	0.0	3.0
1363	0.0	0.0	1.0	0.0	0.0	1.0	1.0
1364	1.0	1.0	1.0	0.0	4.0	1.0	1.0
1365	0.0	0.0	1.0	3.0	8.0	1.0	1.0
1366	1.0	1.0	1.0	15.0	42.0	1.0	19.0
1367	1.0	1.0	1.0	0.0	0.0	1.0	3.0
1368	1.0	1.0	1.0	25.0	3.0	9.0	11.0
1369	1.0	1.0	1.0	18.0	93.0	17.0	66.0
1370	1.0	1.0	1.0	25.0	3.0	9.0	11.0
1371	1.0	1.0	2.0	30.0	25.0	18.0	22.0
1372	1.0	1.0	1.0	18.0	93.0	27.0	33.0
1373	1.0	2.0	1.0	18.0	88.0	18.0	33.0
1374	1.0	2.0	1.0	18.0	88.0	9.0	11.0
1375	1.0	1.0	1.0	18.0	93.0	4.0	33.0
1376	1.0	2.0	1.0	18.0	88.0	0.0	11.0
1377	1.0	2.0	1.0	18.0	88.0	0.0	11.0
1378	1.0	2.0	1.0	18.0	88.0	0.0	11.0
1379	1.0	1.0	1.0	20.0	65.0	3.0	3.0
1380	0.0	0.0	1.0	0.0	0.0	0.0	1.0
1381	1.0	1.0	1.0	5.0	2.0	12.0	29.0
1382	1.0	1.0	2.0	41.0	70.0	11.0	24.0
1383	1.0	1.0	1.0	10.0	86.0	1.0	4.0
1384	1.0	1.0	1.0	10.0	86.0	1.0	2.0
1385	1.0	1.0	1.0	9.0	82.0	0.0	1.0
1386	1.0	1.0	1.0	7.0	4.0	1.0	2.0
1387	0.0	0.0	1.0	0.0	0.0	1.0	1
1388	1.0	1.0	1.0	11.0	23.0	0.0	20.0
1389	1.0	1.0	2.0	38.0	89.0	28.0	264.0
1390	1.0	1.0	1.0	19.0	40.0	1.0	1.0
1391	1.0	1.0	1.0	10.0	86.0	1.0	2.0
1392	1.0	1.0	1.0	0.0	0.0	2.0	2.0
1393	1.0	1.0	1.0	1.0	31.0	3.0	20.0
1394	1.0	1.0	1.0	9.0	82.0	1.0	1.0
1395	0.0	0.0	1.0	9.0	129.0	1.0	1.0
1396	1.0	1.0	1.0	0.0	5.0	3.0	4.0
1397	1.0	1.0	1.0	0.0	5.0	3.0	4.0
1398	1.0	1.0	1.0	2.0	24.0	2.0	4.0
1399	1.0	1.0	1.0	2.0	24.0	4.0	7.0
1400	1.0	1.0	1.0	2.0	24.0	1.0	1.0
1401	1.0	1.0	1.0	2.0	24.0	0.0	1.0
1402	0.0	0.0	1.0	11.0	37.0	2.0	2.0
1403	0.0	0.0	1.0	11.0	37.0	2.0	2.0
1404	0.0	0.0	1.0	19.0	27.0	1.0	1.0
1405	0.0	0.0	1.0	0.0	0.0	3.0	3.0
1406	1.0	1.0	1.0	3.0	1.0	1.0	1.0
1407	1.0	1.0	1.0	3.0	1.0	1.0	1.0
1408	1.0	1.0	1.0	24.0	284.0	1.0	1.0
1409	1.0	1.0	1.0	20.0	25.0	10.0	10.0
1410	1.0	1.0	1.0	2.0	24.0	1.0	1.0
1411	1.0	1.0	1.0	21.0	205.0	1.0	76.0
1412	2.0	1.0	1.0	0.0	1.0	0.0	6.0
1413	1.0	1.0	1.0	3.0	1.0	1.0	1.0
1414	1.0	1.0	1.0	29.0	247.0	2.0	284.0
1415	1.0	1.0	1.0	15.0	22.0	1.0	1.0
1416	1.0	1.0	1.0	15.0	22.0	1.0	1.0
1417	1.0	1.0	1.0	0.0	0.0	4.0	7.0
1418	0.0	0.0	1.0	19.0	27.0	1.0	1.0
1419	0.0	0.0	1.0	19.0	27.0	1.0	1.0
1420	0.0	0.0	1.0	19.0	27.0	1.0	1.0
1421	1.0	1.0	1.0	2.0	24.0	1.0	1.0
1422	1.0	1.0	1.0	21.0	81.0	1.0	1.0
1423	0.0	0.0	1.0	0.0	0.0	2.0	2.0
1424	1.0	1.0	1.0	29.0	234.0	1.0	232.0
1425	0.0	0.0	1.0	10.0	1.0	2.0	2.0
1426	0.0	0.0	1.0	9.0	129.0	1.0	1.0
1427	1.0	1.0	1.0	21.0	81.0	1.0	1.0
1428	1.0	1.0	1.0	34.0	31.0	1.0	36.0
1429	1.0	1.0	1.0	18.0	63.0	2.0	2
1430	1.0	1.0	1.0	18.0	198.0	0.0	16.0
1431	1.0	1.0	1.0	18.0	199.0	3.0	12.0
1432	0.0	0.0	1.0	9.0	88.0	0.0	2.0
1433	1.0	1.0	1.0	0.0	1.0	0.0	4.0
1434	1.0	1.0	1.0	0.0	0.0	0.0	1.0
1435	0.0	0.0	1.0	9.0	129.0	1.0	1.0
1436	1.0	1.0	1.0	22.0	215.0	1.0	76.0
1437	1.0	1.0	1.0	18.0	194.0	0.0	4.0
1438	1.0	1.0	1.0	24.0	29.0	0.0	1.0
1439	0.0	0.0	1.0	34.0	28.0	1.0	1.0
1440	1.0	1.0	1.0	24.0	29.0	1.0	1.0
1441	1.0	1.0	1.0	75.0	125.0	32.0	54.0
1442	1.0	1.0	1.0	14.0	29.0	0.0	5.0
1443	0.0	0.0	1.0	26.0	63.0	4.0	24.0
1444	1.0	1.0	1.0	24.0	29.0	0.0	1.0
1445	1.0	1.0	2.0	43.0	64.0	4.0	22.0
1446	1.0	1.0	1.0	13.0	29.0	0.0	14.0
1447	1.0	1.0	1.0	24.0	29.0	0.0	1.0
1448	1.0	1.0	1.0	23.0	4.0	0.0	34.0
1449	1.0	1.0	1.0	0.0	4.0	1.0	6.0
1450	1.0	1.0	1.0	0.0	4.0	1.0	19.0
1451	1.0	1.0	1.0	0.0	0.0	0.0	10.0
1452	1.0	1.0	1.0	0.0	0.0	0.0	20.0
1453	1.0	1.0	1.0	0.0	4.0	2.0	3.0
1454	1.0	1.0	1.0	0.0	0.0	10.0	10.0
1455	1.0	1.0	3.0	0.0	1.0	0.0	30.0
1456	1.0	1.0	1.0	0.0	0.0	10.0	90.0
1457	1.0	1.0	1.0	24.0	29.0	0.0	11.0
1458	0.0	0.0	1.0	0.0	0.0	2.0	3.0
1459	1.0	1.0	1.0	24.0	29.0	0.0	1.0
1460	1.0	1.0	1.0	8.0	3.0	1.0	2.0
1461	1.0	1.0	1.0	8.0	3.0	1.0	2.0
1462	1.0	2.0	1.0	18.0	93.0	0.0	6.0
1463	1.0	2.0	1.0	18.0	88.0	0.0	3.0
1464	1.0	2.0	1.0	18.0	88.0	0.0	1.0
1465	1.0	2.0	1.0	18.0	93.0	1.0	3.0
1466	1.0	2.0	1.0	18.0	88.0	1.0	1.0
1467	1.0	2.0	1.0	18.0	88.0	1.0	1.0
1468	1.0	1.0	1.0	9.0	5.0	7.0	352.0
1469	1.0	1.0	2.0	0.0	0.0	20.0	20.0
1470	0.0	0.0	2.0	24.0	238.0	0.0	4.0
1471	0.0	0.0	1.0	0.0	0.0	1.0	1.0
1472	1.0	1.0	1.0	24.0	29.0	0.0	1.0
1473	0.0	0.0	1.0	9.0	88.0	0.0	2.0
1474	1.0	1.0	1.0	7.0	3.0	1.0	1.0
1475	1.0	1.0	1.0	7.0	3.0	1.0	1.0
1476	1.0	2.0	1.0	2.0	6.0	2.0	2.0
1477	1.0	1.0	1.0	28.0	3.0	1.0	96.0
1478	1.0	2.0	1.0	2.0	6.0	2.0	2.0
1479	1.0	2.0	1.0	2.0	6.0	2.0	2.0
1480	0.0	0.0	1.0	0.0	0.0	1.0	1.0
1481	1.0	1.0	1.0	36.0	0.0	1.0	2.0
1482	0.0	0.0	1.0	9.0	88.0	2.0	2.0
1483	1.0	1.0	1.0	11.0	22.0	0.0	10.0
1484	1.0	1.0	1.0	11.0	22.0	0.0	19.0
1485	0.0	0.0	1.0	0.0	0.0	1.0	2.0
1486	0.0	0.0	1.0	0.0	0.0	1.0	1.0
1487	0.0	0.0	1.0	44.0	85.0	0.0	6.0
1488	1.0	1.0	1.0	9.0	22.0	2.0	2.0
1489	0.0	0.0	1.0	0.0	0.0	1.0	2.0
1490	0.0	0.0	1.0	0.0	6.0	1.0	1.0
1491	0.0	0.0	1.0	0.0	0.0	1.0	2.0
1492	0.0	0.0	1.0	34.0	28.0	2.0	4.0
1493	1.0	1.0	1.0	21.0	20.0	0.0	48.0
1494	1.0	1.0	3.0	34.0	198.0	8.0	18.0
1495	1.0	1.0	1.0	18.0	93.0	0.0	9.0
1496	1.0	2.0	1.0	18.0	93.0	0.0	3.0
1497	1.0	2.0	1.0	18.0	93.0	1.0	3.0
1498	1.0	2.0	1.0	18.0	93.0	1.0	3.0
1499	0.0	0.0	1.0	4.0	0.0	2.0	2.0
1500	1.0	1.0	1.0	70.0	225.0	0.0	300.0
1501	1.0	1.0	1.0	59.0	173.0	0.0	30.0
1502	1.0	1.0	2.0	27.0	233.0	0.0	6.0
1503	1.0	1.0	1.0	2.0	116.0	0.0	2.0
1504	1.0	1.0	1.0	18.0	105.0	0.0	348.0
1505	1.0	1.0	1.0	0.0	0.0	5.0	140.0
1506	1.0	1.0	2.0	6.0	4.0	13.0	220.0
1507	0.0	0.0	1.0	0.0	0.0	1.0	3.0
1508	0.0	0.0	1.0	0.0	0.0	0.0	1.0
1509	1.0	1.0	1.0	2.0	0.0	0.0	20.0
1510	0.0	0.0	2.0	0.0	0.0	3.0	6.0
1511	0.0	0.0	1.0	8.0	72.0	1.0	1.0
1512	1.0	1.0	1.0	29.0	95.0	2.0	2.0
1513	1.0	1.0	1.0	9.0	0.0	19.0	60.0
1514	0.0	0.0	1.0	11.0	48.0	0.0	1.0
1515	0.0	0.0	1.0	10.0	1.0	1.0	2.0
1516	1.0	1.0	1.0	0.0	29.0	1.0	20.0
1517	1.0	1.0	1.0	2.0	3.0	1.0	1.0
1518	1.0	1.0	1.0	0.0	0.0	1.0	20.0
1519	0.0	0.0	2.0	0.0	0.0	2.0	4.0
1520	0.0	0.0	1.0	6.0	21.0	1.0	20.0
1521	0.0	0.0	1.0	0.0	0.0	3.0	3.0
1522	0.0	0.0	1.0	0.0	0.0	2.0	2.0
1523	0.0	0.0	1.0	0.0	0.0	3.0	3.0
1524	1.0	1.0	2.0	34.0	88.0	10.0	84.0
1525	1.0	1.0	1.0	0.0	0.0	5.0	42.0
1526	1.0	1.0	1.0	0.0	0.0	10.0	84.0
1527	1.0	1.0	1.0	0.0	29.0	0.0	20.0
1528	1.0	1.0	2.0	11.0	272.0	16.0	16.0
1529	1.0	1.0	1.0	0.0	0.0	5.0	42.0
1530	1.0	1.0	1.0	25.0	83.0	1.0	1.0
1531	1.0	1.0	1.0	55.0	89.0	9.0	18.0
1532	1.0	1.0	3.0	69.0	124.0	141.0	210.0
1533	0.0	0.0	2.0	19.0	1.0	10.0	22.0
1534	1.0	1.0	10.0	91.0	213.0	452.0	630.0
1535	0.0	0.0	1.0	0.0	0.0	1.0	2.0
1536	0.0	0.0	1.0	0.0	0.0	1.0	2.0
1537	1.0	1.0	1.0	9.0	12.0	4.0	7.0
1538	0.0	0.0	1.0	34.0	28.0	1.0	1.0
1539	0.0	0.0	1.0	0.0	0.0	2.0	4.0
1540	1.0	1.0	1.0	0.0	0.0	5.0	42.0
1541	0.0	0.0	1.0	0.0	0.0	1.0	1.0
1542	1.0	1.0	2.0	41.0	116.0	6.0	120.0
1543	1.0	1.0	2.0	27.0	88.0	5.0	36.0
1544	0.0	0.0	1.0	34.0	28.0	1.0	1.0
1545	1.0	1.0	1.0	7.0	4.0	1.0	12.0
1546	0.0	0.0	1.0	0.0	0.0	0.0	1.0
1547	0.0	0.0	1.0	0.0	1.0	115.0	132.0
1548	1.0	1.0	1.0	5.0	2.0	1.0	1.0
1549	0.0	0.0	1.0	19.0	2.0	0.0	1
1550	0.0	0.0	1.0	0.0	1.0	1.0	1.0
1551	0.0	0.0	1.0	0.0	0.0	0.0	1.0
1552	1.0	1.0	1.0	19.0	212.0	1.0	57.0
1553	1.0	1.0	1.0	19.0	213.0	0.0	76.0
1554	1.0	1.0	1.0	18.0	204.0	0.0	19.0
1555	1.0	1.0	1.0	0.0	0.0	2.0	4.0
1556	0.0	0.0	1.0	0.0	1.0	8.0	8.0
1557	0.0	0.0	1.0	0.0	0.0	1.0	1.0
1558	1.0	1.0	1.0	18.0	210.0	1.0	12.0
1559	1.0	1.0	1.0	18.0	63.0	4.0	4.0
1560	1.0	1.0	1.0	18.0	63.0	2.0	2.0
1561	1.0	1.0	3.0	22.0	19.0	15.0	36.0
1562	1.0	1.0	1.0	19.0	217.0	3.0	76.0
1563	1.0	1.0	1.0	18.0	198.0	1.0	4.0
1564	1.0	1.0	1.0	0.0	93.0	0.0	6.0
1565	0.0	0.0	1.0	0.0	0.0	0.0	5.0
1566	1.0	1.0	2.0	65.0	28.0	2.0	4.0
1567	1.0	1.0	1.0	30.0	18.0	1.0	2.0
1568	1.0	1.0	1.0	29.0	17.0	3.0	3.0
1569	1.0	1.0	1.0	37.0	10.0	2.0	4.0
1570	1.0	1.0	1.0	45.0	24.0	2.0	4.0
1571	1.0	1.0	1.0	33.0	32.0	24.0	36.0
1572	1.0	1.0	1.0	31.0	27.0	4.0	4.0
1573	1.0	1.0	1.0	31.0	27.0	4.0	4.0
1574	1.0	1.0	1.0	13.0	37.0	0.0	10.0
1575	1.0	1.0	1.0	57.0	247.0	6.0	348.0
1576	1.0	1.0	1.0	0.0	92.0	3.0	3.0
1577	0.0	0.0	1.0	0.0	1.0	115.0	132.0
1578	0.0	0.0	1.0	3.0	11.0	1.0	1.0
1579	1.0	1.0	1.0	45.0	12.0	4.0	8.0
1580	1.0	1.0	1.0	51.0	253.0	1.0	2.0
1581	0.0	0.0	2.0	29.0	4.0	54.0	80.0
1582	0.0	0.0	1.0	23.0	35.0	2.0	2.0
1583	0.0	0.0	1.0	26.0	37.0	6.0	6.0
1584	1.0	1.0	2.0	68.0	71.0	10.0	10.0
1585	1.0	1.0	1.0	31.0	27.0	0.0	4.0
1586	1.0	2.0	1.0	2.0	6.0	1.0	1.0
1587	1.0	2.0	1.0	2.0	6.0	1.0	1.0
1588	0.0	0.0	2.0	31.0	115.0	25.0	42.0
1589	1.0	1.0	1.0	17.0	3.0	3.0	5.0
1590	0.0	0.0	1.0	15.0	35.0	4.0	6.0
1591	0.0	0.0	1.0	15.0	35.0	4.0	6.0
1592	0.0	0.0	1.0	9.0	68.0	4.0	6.0
1593	0.0	0.0	1.0	10.0	79.0	8.0	12.0
1594	0.0	0.0	2.0	31.0	4.0	12.0	12.0
1595	1.0	2.0	1.0	18.0	93.0	1.0	6.0
1596	1.0	2.0	1.0	18.0	88.0	2.0	3.0
1597	1.0	2.0	1.0	18.0	88.0	0.0	1.0
1598	1.0	2.0	1.0	18.0	88.0	0.0	1.0
1599	0.0	0.0	1.0	0.0	6.0	0.0	2.0
1600	0.0	0.0	1.0	0.0	6.0	0.0	1.0
1601	0.0	0.0	1.0	0.0	0.0	3.0	3.0
1602	1.0	1.0	1.0	27.0	7.0	1.0	1.0
1603	0.0	0.0	2.0	0.0	0.0	6.0	6.0
1604	1.0	1.0	1.0	27.0	45.0	1.0	2.0
1605	1.0	1.0	1.0	27.0	45.0	1.0	1.0
1606	1.0	1.0	1.0	26.0	19.0	0.0	1.0
1607	1.0	1.0	1.0	3.0	2.0	1.0	1.0
1608	0.0	0.0	1.0	16.0	33.0	1.0	1.0
1609	0.0	0.0	1.0	0.0	1.0	1.0	1.0
1610	1.0	1.0	1.0	0.0	0.0	3.0	3.0
1611	1.0	1.0	1.0	0.0	0.0	3.0	27.0
1612	1.0	1.0	1.0	15.0	71.0	0.0	15.0
1613	1.0	1.0	1.0	5.0	1.0	1.0	1.0
1614	1.0	1.0	1.0	20.0	5.0	1.0	1.0
1615	1.0	1.0	1.0	10.0	73.0	2.0	2.0
1616	1.0	1.0	1.0	15.0	69.0	2.0	3.0
1617	1.0	1.0	1.0	6.0	11.0	1.0	8.0
1618	1.0	1.0	1.0	12.0	72.0	0.0	9.0
1619	1.0	1.0	1.0	73.0	69.0	24.0	24.0
1620	1.0	1.0	1.0	27.0	8.0	0.0	1.0
1621	1.0	1.0	1.0	2.0	0.0	0.0	3.0
1622	0.0	0.0	1.0	0.0	0.0	5.0	5.0
1623	1.0	1.0	3.0	109.0	331.0	241.0	361.0
1624	1.0	1.0	1.0	52.0	69.0	33.0	51.0
1625	1.0	1.0	3.0	49.0	62.0	128.0	136.0
1626	1.0	1.0	1.0	0.0	0.0	1.0	1.0
1627	0.0	0.0	1.0	0.0	3.0	1.0	1.0
1628	1.0	1.0	1.0	19.0	216.0	4.0	57.0
1629	1.0	1.0	1.0	19.0	212.0	3.0	19.0
1630	1.0	1.0	1.0	0.0	4.0	0.0	33.0
1631	1.0	1.0	2.0	94.0	225.0	32.0	34.0
1632	0.0	0.0	1.0	22.0	20.0	1.0	2.0
1633	0.0	0.0	1.0	0.0	1.0	8.0	8.0
1634	1.0	1.0	8.0	210.0	197.0	483.0	646.0
1635	1.0	1.0	1.0	30.0	75.0	3.0	336.0
1636	1.0	1.0	1.0	21.0	18.0	0.0	7.0
1637	1.0	1.0	1.0	0.0	3.0	1.0	1.0
1638	1.0	1.0	1.0	0.0	3.0	1.0	1.0
1639	1.0	1.0	1.0	0.0	3.0	1.0	1.0
1640	1.0	1.0	1.0	8.0	10.0	1.0	1.0
1641	1.0	1.0	2.0	26.0	51.0	6.0	6.0
1642	0.0	0.0	3.0	0.0	0.0	15.0	15.0
1643	1.0	1.0	1.0	17.0	34.0	3.0	3.0
1644	1.0	1.0	1.0	0.0	174.0	0.0	4.0
1645	0.0	0.0	1.0	20.0	55.0	7.0	7.0
1646	1.0	1.0	1.0	17.0	34.0	3.0	3.0
1647	1.0	1.0	1.0	18.0	9.0	0.0	30.0
1648	1.0	1.0	1.0	39.0	274.0	3.0	3.0
1649	0.0	0.0	1.0	36.0	2.0	8.0	10.0
1650	1.0	1.0	1.0	3.0	1.0	1.0	1.0
1651	1.0	1.0	1.0	0.0	163.0	1.0	1.0
1652	1.0	1.0	1.0	0.0	163.0	1.0	1.0
1653	0.0	0.0	2.0	0.0	0.0	6.0	6.0
1654	1.0	1.0	1.0	2.0	24.0	4.0	7.0
1655	1.0	1.0	24.0	1269.0	3156.0	597.0	1482.0
1656	1.0	1.0	2.0	65.0	106.0	68.0	126.0
1657	1.0	1.0	2.0	67.0	36.0	12.0	18.0
1658	1.0	1.0	1.0	21.0	48.0	2.0	6.0
1659	1.0	1.0	1.0	12.0	10.0	12.0	20.0
1660	1.0	1.0	1.0	2.0	24.0	1.0	1.0
1661	1.0	1.0	1.0	21.0	10.0	3.0	3.0
1662	0.0	0.0	1.0	0.0	6.0	2.0	2.0
1663	1.0	1.0	1.0	46.0	19.0	12.0	18.0
1664	1.0	1.0	1.0	2.0	24.0	1.0	1.0
1665	0.0	0.0	1.0	3.0	25.0	0.0	1.0
1666	1.0	1.0	1.0	21.0	48.0	1.0	1.0
1667	0.0	0.0	1.0	14.0	2.0	2.0	2.0
1668	1.0	1.0	1.0	20.0	24.0	2.0	3.0
1669	1.0	1.0	2.0	129.0	41.0	0.0	18.0
1670	1.0	1.0	1.0	31.0	50.0	0.0	1.0
1671	1.0	1.0	1.0	0.0	0.0	0.0	6.0
1672	1.0	1.0	1.0	29.0	59.0	0.0	27.0
1673	1.0	1.0	1.0	9.0	8.0	0.0	6.0
1674	1.0	1.0	1.0	4.0	1.0	0.0	4.0
1675	1.0	1.0	1.0	38.0	12.0	3.0	24.0
1676	0.0	0.0	1.0	0.0	0.0	5.0	19.0
1677	0.0	0.0	2.0	0.0	0.0	10.0	10.0
1678	1.0	1.0	1.0	11.0	0.0	0.0	12.0
1679	1.0	1.0	1.0	23.0	27.0	4.0	6.0
1680	1.0	1.0	1.0	63.0	95.0	18.0	36.0
1681	0.0	0.0	1.0	33.0	11.0	0.0	12.0
1682	1.0	1.0	2.0	54.0	82.0	6.0	6.0
1683	0.0	0.0	1.0	26.0	5.0	0.0	1.0
1684	1.0	1.0	1.0	9.0	12.0	1.0	1.0
1685	0.0	0.0	1.0	2.0	0.0	1.0	1.0
1686	1.0	1.0	1.0	5.0	2.0	0.0	29.0
1687	1.0	1.0	1.0	16.0	38.0	56.0	70.0
1688	0.0	0.0	1.0	0.0	0.0	1.0	1.0
1689	0.0	0.0	1.0	0.0	0.0	1.0	1.0
1690	0.0	0.0	1.0	0.0	0.0	1.0	1.0
1691	1.0	1.0	1.0	25.0	3.0	2.0	2.0
1692	1.0	1.0	1.0	0.0	0.0	0.0	1.0
1693	1.0	1.0	1.0	0.0	29.0	0.0	1
1694	1.0	1.0	1.0	38.0	138.0	2.0	3.0
1695	1.0	1.0	4.0	37.0	78.0	2.0	184.0
1696	1.0	1.0	1.0	0.0	0.0	0.0	2.0
1697	1.0	1.0	1.0	0.0	0.0	1.0	1.0
1698	1.0	1.0	1.0	0.0	0.0	1.0	3.0
1699	0.0	0.0	1.0	19.0	2.0	1.0	3.0
1700	1.0	1.0	1.0	0.0	0.0	1.0	1.0
1701	0.0	0.0	1.0	0.0	0.0	1.0	1.0
1702	1.0	1.0	1.0	0.0	0.0	1.0	1.0
1703	0.0	0.0	1.0	0.0	0.0	3.0	3.0
1704	0.0	0.0	1.0	19.0	2.0	0.0	1.0
1705	0.0	0.0	1.0	0.0	0.0	1.0	1.0
1706	0.0	0.0	1.0	0.0	0.0	1.0	1.0
1707	1.0	1.0	1.0	0.0	0.0	1.0	1.0
1708	0.0	0.0	1.0	0.0	0.0	1.0	1.0
1709	1.0	1.0	1.0	0.0	4.0	1.0	1.0
1710	1.0	1.0	1.0	0.0	4.0	1.0	1.0
1711	0.0	0.0	1.0	19.0	2.0	0.0	1.0
1712	1.0	1.0	1.0	21.0	13.0	1.0	1.0
1713	1.0	2.0	1.0	18.0	93.0	0.0	6.0
1714	1.0	2.0	1.0	18.0	88.0	1.0	1.0
1715	1.0	1.0	1.0	61.0	92.0	4.0	11.0
1716	1.0	1.0	1.0	62.0	94.0	12.0	29.0
1717	1.0	1.0	1.0	41.0	83.0	0.0	1.0
1718	1.0	1.0	2.0	41.0	113.0	7.0	30.0
1719	0.0	0.0	1.0	0.0	0.0	2.0	4.0
1720	0.0	0.0	1.0	19.0	2.0	0.0	1.0
1721	0.0	0.0	1.0	0.0	0.0	13.0	14.0
1722	0.0	0.0	1.0	69.0	35.0	9.0	39.0
1723	1.0	1.0	1.0	38.0	138.0	1.0	1.0
1724	1.0	1.0	1.0	0.0	4.0	2.0	2.0
1725	1.0	1.0	1.0	0.0	4.0	2.0	2.0
1726	1.0	1.0	1.0	3.0	11.0	2.0	2.0
1727	1.0	1.0	1.0	0.0	4.0	2.0	2.0
1728	1.0	1.0	1.0	20.0	23.0	2.0	2.0
1729	1.0	1.0	1.0	7.0	2.0	0.0	3.0
1730	1.0	1.0	1.0	7.0	2.0	0.0	3.0
1731	0.0	0.0	1.0	0.0	0.0	1.0	1
1732	1.0	1.0	1.0	4.0	1.0	0.0	2.0
1733	0.0	0.0	1.0	0.0	6.0	0.0	4.0
1734	1.0	1.0	1.0	43.0	12.0	2.0	4.0
1735	1.0	1.0	1.0	24.0	68.0	0.0	1
1736	1.0	1.0	1.0	28.0	39.0	0.0	1.0
1737	0.0	0.0	1.0	4.0	2.0	1.0	2.0
1738	1.0	1.0	1.0	61.0	101.0	8.0	14.0
1739	1.0	1.0	1.0	66.0	103.0	10.0	10.0
1740	1.0	1.0	1.0	76.0	162.0	2.0	12.0
1741	1.0	1.0	1.0	0.0	0.0	1.0	1.0
1742	1.0	1.0	1.0	3.0	11.0	6.0	6.0
1743	1.0	1.0	1.0	0.0	0.0	1.0	1.0
1744	1.0	1.0	1.0	3.0	11.0	3.0	3.0
1745	0.0	0.0	1.0	0.0	0.0	1.0	1.0
1746	1.0	1.0	1.0	0.0	0.0	1.0	1.0
1747	1.0	1.0	1.0	0.0	0.0	1.0	1.0
1748	1.0	1.0	1.0	41.0	55.0	0.0	32.0
1749	1.0	1.0	1.0	41.0	55.0	0.0	12.0
1750	0.0	0.0	1.0	4.0	2.0	0.0	2.0
1751	1.0	1.0	1.0	19.0	26.0	2.0	4.0
1752	1.0	1.0	1.0	31.0	27.0	6.0	9.0
1753	1.0	1.0	1.0	30.0	25.0	1.0	1.0
1754	1.0	1.0	1.0	29.0	11.0	0.0	2.0
1755	1.0	1.0	1.0	0.0	12.0	2.0	2.0
1756	1.0	1.0	1.0	0.0	12.0	2.0	2.0
1757	1.0	1.0	1.0	41.0	55.0	0.0	4.0
1758	1.0	1.0	1.0	20.0	23.0	2.0	2.0
1759	1.0	1.0	1.0	5.0	2.0	1.0	1.0
1760	1.0	1.0	2.0	0.0	24.0	4.0	4.0
1761	1.0	1.0	2.0	11.0	12.0	4.0	8.0
1762	1.0	1.0	1.0	105.0	24.0	45.0	72.0
1763	0.0	0.0	1.0	0.0	0.0	3.0	3.0
1764	1.0	1.0	1.0	5.0	2.0	1.0	1.0
1765	1.0	1.0	1.0	5.0	2.0	0.0	1.0
1766	0.0	0.0	1.0	0.0	12.0	2.0	2.0
1767	1.0	1.0	2.0	127.0	793.0	50.0	78.0
1768	1.0	1.0	1.0	17.0	7.0	1.0	2.0
1769	1.0	1.0	1.0	25.0	31.0	8.0	44.0
1770	1.0	1.0	2.0	25.0	40.0	18.0	77.0
1771	0.0	0.0	1.0	18.0	0.0	1.0	10.0
1772	1.0	1.0	2.0	4.0	61.0	28.0	77.0
1773	0.0	0.0	1.0	0.0	12.0	2.0	2.0
1774	1.0	1.0	1.0	9.0	12.0	4.0	7.0
1775	0.0	0.0	1.0	11.0	22.0	0.0	22.0
1776	0.0	0.0	1.0	0.0	6.0	1.0	1.0
1777	0.0	0.0	1.0	0.0	6.0	1.0	1.0
1778	0.0	0.0	1.0	0.0	6.0	1.0	1.0
1779	0.0	0.0	1.0	34.0	28.0	10.0	44.0
1780	1.0	1.0	1.0	25.0	31.0	0.0	11.0
1781	1.0	1.0	1.0	0.0	0.0	4.0	11.0
1782	0.0	0.0	1.0	34.0	28.0	4.0	11.0
1783	0.0	0.0	1.0	34.0	28.0	4.0	11.0
1784	1.0	1.0	1.0	12.0	68.0	0.0	5.0
1785	1.0	1.0	6.0	385.0	802.0	130.0	234.0
1786	0.0	0.0	1.0	0.0	0.0	0.0	2.0
1787	1.0	1.0	1.0	22.0	14.0	8.0	16.0
1788	1.0	1.0	1.0	0.0	0.0	0.0	1.0
1789	0.0	0.0	1.0	0.0	2.0	1.0	2.0
1790	0.0	0.0	1.0	0.0	0.0	1.0	2.0
1791	0.0	0.0	1.0	0.0	0.0	1.0	2.0
1792	0.0	0.0	1.0	0.0	0.0	0.0	1.0
1793	0.0	0.0	1.0	0.0	0.0	1.0	2.0
1794	0.0	1.0	2.0	0.0	0.0	0.0	136.0
1795	0.0	0.0	1.0	4.0	3.0	1.0	1.0
1796	1.0	1.0	1.0	28.0	0.0	0.0	2.0
1797	0.0	0.0	1.0	0.0	0.0	1.0	1.0
1798	0.0	0.0	1.0	9.0	129.0	1.0	1.0
1799	0.0	0.0	1.0	0.0	0.0	0.0	1.0
1800	1.0	1.0	1.0	30.0	18.0	1.0	2.0
1801	0.0	0.0	1.0	0.0	0.0	0.0	1.0
1802	1.0	1.0	1.0	37.0	10.0	2.0	4.0
1803	1.0	1.0	1.0	45.0	24.0	2.0	4.0
1804	0.0	0.0	1.0	0.0	0.0	1.0	2.0
1805	0.0	0.0	1.0	0.0	0.0	1.0	1.0
1806	0.0	0.0	1.0	10.0	81.0	6.0	7.0
1807	1.0	1.0	2.0	25.0	114.0	12.0	14.0
1808	0.0	0.0	1.0	0.0	1.0	1.0	1.0
1809	1.0	1.0	1.0	3.0	1.0	1.0	1.0
1810	0.0	0.0	1.0	0.0	0.0	1.0	1.0
1811	1.0	1.0	2.0	61.0	250.0	1.0	114.0
1812	0.0	0.0	1.0	0.0	0.0	1.0	1.0
